order_id,order_date,order_customer_id,order_status
2,2013-07-25 00:00:00.0,256,PENDING_PAYMENT
3,2013-07-25 00:00:00.0,12111,COMPLETE
4,2013-07-25 00:00:00.0,8827,CLOSED
5,2013-07-25 00:00:00.0,11318,COMPLETE
6,2013-07-25 00:00:00.0,7130,COMPLETE
15,2013-07-25 00:00:00.0,2568,COMPLETE
19,2013-07-25 00:00:00.0,9488,PENDING_PAYMENT
21,2013-07-25 00:00:00.0,2711,PENDING
23,2013-07-25 00:00:00.0,4367,PENDING_PAYMENT
26,2013-07-25 00:00:00.0,7562,COMPLETE
30,2013-07-25 00:00:00.0,10039,PENDING_PAYMENT
31,2013-07-25 00:00:00.0,6983,PAYMENT_REVIEW
32,2013-07-25 00:00:00.0,3960,COMPLETE
35,2013-07-25 00:00:00.0,4840,COMPLETE
36,2013-07-25 00:00:00.0,5649,PENDING
37,2013-07-25 00:00:00.0,5863,CLOSED
39,2013-07-25 00:00:00.0,8214,PENDING
43,2013-07-25 00:00:00.0,7776,PENDING_PAYMENT
45,2013-07-25 00:00:00.0,2636,COMPLETE
52,2013-07-25 00:00:00.0,5126,PENDING_PAYMENT
54,2013-07-25 00:00:00.0,10628,PENDING_PAYMENT
56,2013-07-25 00:00:00.0,10519,COMPLETE
61,2013-07-25 00:00:00.0,4791,CLOSED
62,2013-07-25 00:00:00.0,9111,CLOSED
66,2013-07-25 00:00:00.0,1792,ON_HOLD
67,2013-07-25 00:00:00.0,1406,COMPLETE
68,2013-07-25 00:00:00.0,4320,PENDING
69,2013-07-25 00:00:00.0,2821,SUSPECTED_FRAUD
70,2013-07-25 00:00:00.0,11809,PENDING_PAYMENT
71,2013-07-25 00:00:00.0,8646,COMPLETE
73,2013-07-25 00:00:00.0,8504,PENDING_PAYMENT
84,2013-07-25 00:00:00.0,6789,PROCESSING
87,2013-07-25 00:00:00.0,3065,CLOSED
88,2013-07-25 00:00:00.0,3809,COMPLETE
92,2013-07-25 00:00:00.0,6932,COMPLETE
93,2013-07-25 00:00:00.0,2256,PENDING_PAYMENT
96,2013-07-25 00:00:00.0,8683,PENDING
107,2013-07-26 00:00:00.0,1845,COMPLETE
108,2013-07-26 00:00:00.0,12149,PROCESSING
109,2013-07-26 00:00:00.0,9345,PENDING_PAYMENT
112,2013-07-26 00:00:00.0,5375,CANCELED
115,2013-07-26 00:00:00.0,104,PROCESSING
116,2013-07-26 00:00:00.0,8763,CLOSED
117,2013-07-26 00:00:00.0,58,SUSPECTED_FRAUD
119,2013-07-26 00:00:00.0,8124,PENDING_PAYMENT
123,2013-07-26 00:00:00.0,3695,PENDING_PAYMENT
126,2013-07-26 00:00:00.0,610,COMPLETE
127,2013-07-26 00:00:00.0,5261,PENDING_PAYMENT
130,2013-07-26 00:00:00.0,7509,PENDING_PAYMENT
133,2013-07-26 00:00:00.0,10604,CLOSED
138,2013-07-26 00:00:00.0,10904,PROCESSING
141,2013-07-26 00:00:00.0,12128,COMPLETE
142,2013-07-26 00:00:00.0,5760,PENDING_PAYMENT
143,2013-07-26 00:00:00.0,10495,COMPLETE
147,2013-07-26 00:00:00.0,275,PENDING_PAYMENT
148,2013-07-26 00:00:00.0,5383,PROCESSING
150,2013-07-26 00:00:00.0,236,PROCESSING
151,2013-07-26 00:00:00.0,2493,ON_HOLD
159,2013-07-26 00:00:00.0,10974,PENDING_PAYMENT
160,2013-07-26 00:00:00.0,6762,COMPLETE
161,2013-07-26 00:00:00.0,4513,PENDING_PAYMENT
163,2013-07-26 00:00:00.0,3348,COMPLETE
164,2013-07-26 00:00:00.0,2962,PROCESSING
167,2013-07-26 00:00:00.0,1347,PENDING
169,2013-07-26 00:00:00.0,2611,ON_HOLD
173,2013-07-26 00:00:00.0,9027,ON_HOLD
180,2013-07-26 00:00:00.0,10215,ON_HOLD
183,2013-07-26 00:00:00.0,12105,COMPLETE
184,2013-07-26 00:00:00.0,210,COMPLETE
187,2013-07-26 00:00:00.0,1378,PAYMENT_REVIEW
191,2013-07-26 00:00:00.0,16,CLOSED
192,2013-07-26 00:00:00.0,5293,PROCESSING
194,2013-07-26 00:00:00.0,2550,PENDING_PAYMENT
196,2013-07-26 00:00:00.0,2765,PROCESSING
199,2013-07-26 00:00:00.0,4608,ON_HOLD
200,2013-07-26 00:00:00.0,11116,PAYMENT_REVIEW
207,2013-07-26 00:00:00.0,11643,COMPLETE
211,2013-07-26 00:00:00.0,10372,CLOSED
215,2013-07-26 00:00:00.0,5925,CLOSED
218,2013-07-26 00:00:00.0,3935,COMPLETE
224,2013-07-26 00:00:00.0,11938,CLOSED
228,2013-07-26 00:00:00.0,6070,ON_HOLD
229,2013-07-26 00:00:00.0,618,PENDING
231,2013-07-26 00:00:00.0,3960,COMPLETE
234,2013-07-26 00:00:00.0,1010,ON_HOLD
235,2013-07-26 00:00:00.0,4285,PENDING_PAYMENT
238,2013-07-26 00:00:00.0,4939,PENDING_PAYMENT
240,2013-07-26 00:00:00.0,32,PENDING
243,2013-07-26 00:00:00.0,32,ON_HOLD
248,2013-07-26 00:00:00.0,11707,COMPLETE
249,2013-07-26 00:00:00.0,7650,CLOSED
253,2013-07-26 00:00:00.0,45,COMPLETE
254,2013-07-26 00:00:00.0,9395,COMPLETE
256,2013-07-26 00:00:00.0,4199,CLOSED
260,2013-07-26 00:00:00.0,5135,CLOSED
262,2013-07-26 00:00:00.0,11475,CLOSED
269,2013-07-26 00:00:00.0,11887,PROCESSING
271,2013-07-26 00:00:00.0,815,COMPLETE
272,2013-07-26 00:00:00.0,428,CLOSED
277,2013-07-26 00:00:00.0,3732,PENDING
278,2013-07-26 00:00:00.0,488,PAYMENT_REVIEW
279,2013-07-26 00:00:00.0,10372,COMPLETE
281,2013-07-26 00:00:00.0,827,PENDING_PAYMENT
283,2013-07-26 00:00:00.0,11466,COMPLETE
288,2013-07-26 00:00:00.0,8667,COMPLETE
295,2013-07-26 00:00:00.0,1937,PENDING
296,2013-07-26 00:00:00.0,6665,COMPLETE
298,2013-07-26 00:00:00.0,4967,COMPLETE
301,2013-07-26 00:00:00.0,11999,COMPLETE
302,2013-07-26 00:00:00.0,3577,COMPLETE
304,2013-07-26 00:00:00.0,1869,COMPLETE
307,2013-07-26 00:00:00.0,8818,PENDING
308,2013-07-26 00:00:00.0,6829,PENDING_PAYMENT
310,2013-07-26 00:00:00.0,1256,COMPLETE
319,2013-07-26 00:00:00.0,10445,COMPLETE
320,2013-07-26 00:00:00.0,10698,SUSPECTED_FRAUD
326,2013-07-26 00:00:00.0,1604,PENDING_PAYMENT
328,2013-07-26 00:00:00.0,1149,COMPLETE
329,2013-07-26 00:00:00.0,1944,SUSPECTED_FRAUD
331,2013-07-26 00:00:00.0,4797,PENDING_PAYMENT
333,2013-07-26 00:00:00.0,2071,PENDING_PAYMENT
334,2013-07-26 00:00:00.0,3752,PENDING_PAYMENT
335,2013-07-26 00:00:00.0,7710,PENDING
336,2013-07-26 00:00:00.0,5479,PENDING
339,2013-07-26 00:00:00.0,8326,PENDING
343,2013-07-26 00:00:00.0,10952,COMPLETE
344,2013-07-26 00:00:00.0,2816,PENDING
345,2013-07-26 00:00:00.0,11040,PROCESSING
352,2013-07-27 00:00:00.0,1977,PENDING_PAYMENT
353,2013-07-27 00:00:00.0,2234,PROCESSING
355,2013-07-27 00:00:00.0,11682,PROCESSING
356,2013-07-27 00:00:00.0,2209,PENDING
363,2013-07-27 00:00:00.0,3619,CLOSED
366,2013-07-27 00:00:00.0,4422,PENDING_PAYMENT
374,2013-07-27 00:00:00.0,5906,PROCESSING
377,2013-07-27 00:00:00.0,514,PROCESSING
378,2013-07-27 00:00:00.0,10071,PENDING_PAYMENT
381,2013-07-27 00:00:00.0,5756,ON_HOLD
382,2013-07-27 00:00:00.0,8143,PROCESSING
384,2013-07-27 00:00:00.0,2610,CLOSED
385,2013-07-27 00:00:00.0,10667,COMPLETE
386,2013-07-27 00:00:00.0,3568,PENDING
389,2013-07-27 00:00:00.0,4435,COMPLETE
396,2013-07-27 00:00:00.0,9078,PAYMENT_REVIEW
399,2013-07-27 00:00:00.0,1473,PROCESSING
403,2013-07-27 00:00:00.0,4178,COMPLETE
408,2013-07-27 00:00:00.0,2252,PAYMENT_REVIEW
410,2013-07-27 00:00:00.0,1288,PENDING
416,2013-07-27 00:00:00.0,1561,COMPLETE
418,2013-07-27 00:00:00.0,4269,COMPLETE
420,2013-07-27 00:00:00.0,4632,COMPLETE
425,2013-07-27 00:00:00.0,10481,PENDING_PAYMENT
426,2013-07-27 00:00:00.0,10419,COMPLETE
427,2013-07-27 00:00:00.0,6681,COMPLETE
428,2013-07-27 00:00:00.0,3487,COMPLETE
429,2013-07-27 00:00:00.0,8466,CLOSED
432,2013-07-27 00:00:00.0,1197,COMPLETE
436,2013-07-27 00:00:00.0,7610,PROCESSING
446,2013-07-27 00:00:00.0,7620,PENDING_PAYMENT
447,2013-07-27 00:00:00.0,8737,CLOSED
451,2013-07-27 00:00:00.0,10104,PENDING
452,2013-07-27 00:00:00.0,5128,COMPLETE
455,2013-07-27 00:00:00.0,6575,PENDING
457,2013-07-27 00:00:00.0,4036,PENDING_PAYMENT
459,2013-07-27 00:00:00.0,3687,COMPLETE
463,2013-07-27 00:00:00.0,8709,COMPLETE
468,2013-07-27 00:00:00.0,7305,COMPLETE
469,2013-07-27 00:00:00.0,1731,PENDING
475,2013-07-27 00:00:00.0,4567,CLOSED
477,2013-07-27 00:00:00.0,8511,ON_HOLD
481,2013-07-27 00:00:00.0,10633,PROCESSING
482,2013-07-27 00:00:00.0,9156,ON_HOLD
484,2013-07-27 00:00:00.0,2409,PENDING_PAYMENT
486,2013-07-27 00:00:00.0,1865,PROCESSING
487,2013-07-27 00:00:00.0,5698,PROCESSING
491,2013-07-27 00:00:00.0,3945,ON_HOLD
492,2013-07-27 00:00:00.0,2499,PENDING_PAYMENT
494,2013-07-27 00:00:00.0,8121,PENDING_PAYMENT
502,2013-07-27 00:00:00.0,7196,COMPLETE
505,2013-07-27 00:00:00.0,11952,PROCESSING
511,2013-07-28 00:00:00.0,486,PROCESSING
512,2013-07-28 00:00:00.0,12000,COMPLETE
519,2013-07-28 00:00:00.0,4780,COMPLETE
522,2013-07-28 00:00:00.0,12300,COMPLETE
526,2013-07-28 00:00:00.0,7259,COMPLETE
530,2013-07-28 00:00:00.0,6224,PROCESSING
536,2013-07-28 00:00:00.0,9981,ON_HOLD
539,2013-07-28 00:00:00.0,7673,PENDING_PAYMENT
540,2013-07-28 00:00:00.0,121,COMPLETE
541,2013-07-28 00:00:00.0,4985,COMPLETE
544,2013-07-28 00:00:00.0,281,PENDING_PAYMENT
548,2013-07-28 00:00:00.0,6889,SUSPECTED_FRAUD
551,2013-07-28 00:00:00.0,2867,COMPLETE
552,2013-07-28 00:00:00.0,1445,CANCELED
555,2013-07-28 00:00:00.0,976,PENDING_PAYMENT
559,2013-07-28 00:00:00.0,1944,ON_HOLD
560,2013-07-28 00:00:00.0,744,ON_HOLD
563,2013-07-28 00:00:00.0,3514,CLOSED
564,2013-07-28 00:00:00.0,2216,CANCELED
568,2013-07-28 00:00:00.0,11790,PENDING
572,2013-07-28 00:00:00.0,6691,PENDING
574,2013-07-28 00:00:00.0,7145,PROCESSING
578,2013-07-28 00:00:00.0,2529,PENDING_PAYMENT
579,2013-07-28 00:00:00.0,4137,PROCESSING
582,2013-07-28 00:00:00.0,6220,CLOSED
584,2013-07-28 00:00:00.0,1263,PENDING_PAYMENT
586,2013-07-28 00:00:00.0,10225,PROCESSING
587,2013-07-28 00:00:00.0,6008,SUSPECTED_FRAUD
589,2013-07-28 00:00:00.0,5609,COMPLETE
592,2013-07-28 00:00:00.0,10862,CLOSED
594,2013-07-28 00:00:00.0,1946,PENDING_PAYMENT
597,2013-07-28 00:00:00.0,11558,PENDING_PAYMENT
598,2013-07-28 00:00:00.0,11344,PENDING_PAYMENT
599,2013-07-28 00:00:00.0,8005,COMPLETE
601,2013-07-28 00:00:00.0,8977,COMPLETE
607,2013-07-28 00:00:00.0,6376,CANCELED
613,2013-07-28 00:00:00.0,460,COMPLETE
618,2013-07-28 00:00:00.0,12037,PENDING_PAYMENT
619,2013-07-28 00:00:00.0,11473,PROCESSING
620,2013-07-28 00:00:00.0,11346,COMPLETE
623,2013-07-28 00:00:00.0,3658,PAYMENT_REVIEW
624,2013-07-28 00:00:00.0,1821,PENDING_PAYMENT
627,2013-07-28 00:00:00.0,7859,PENDING_PAYMENT
628,2013-07-28 00:00:00.0,9783,PROCESSING
631,2013-07-28 00:00:00.0,9381,PENDING_PAYMENT
634,2013-07-28 00:00:00.0,4588,COMPLETE
637,2013-07-28 00:00:00.0,2259,ON_HOLD
640,2013-07-28 00:00:00.0,6199,PROCESSING
641,2013-07-28 00:00:00.0,11558,CLOSED
642,2013-07-28 00:00:00.0,7499,COMPLETE
646,2013-07-28 00:00:00.0,911,CLOSED
647,2013-07-28 00:00:00.0,12319,COMPLETE
648,2013-07-28 00:00:00.0,4551,PENDING_PAYMENT
652,2013-07-28 00:00:00.0,8732,PENDING_PAYMENT
654,2013-07-28 00:00:00.0,286,COMPLETE
666,2013-07-28 00:00:00.0,993,COMPLETE
671,2013-07-28 00:00:00.0,7926,PENDING_PAYMENT
673,2013-07-29 00:00:00.0,2157,PENDING_PAYMENT
682,2013-07-29 00:00:00.0,9271,COMPLETE
689,2013-07-29 00:00:00.0,8272,PENDING
694,2013-07-29 00:00:00.0,5015,PROCESSING
695,2013-07-29 00:00:00.0,12224,PROCESSING
699,2013-07-29 00:00:00.0,7472,PENDING_PAYMENT
700,2013-07-29 00:00:00.0,2632,COMPLETE
703,2013-07-29 00:00:00.0,1871,PENDING_PAYMENT
709,2013-07-29 00:00:00.0,3161,PENDING
718,2013-07-29 00:00:00.0,70,COMPLETE
725,2013-07-29 00:00:00.0,3837,PENDING_PAYMENT
726,2013-07-29 00:00:00.0,5407,COMPLETE
729,2013-07-29 00:00:00.0,8467,COMPLETE
734,2013-07-29 00:00:00.0,1995,PENDING_PAYMENT
735,2013-07-29 00:00:00.0,9142,COMPLETE
738,2013-07-29 00:00:00.0,10042,CANCELED
741,2013-07-29 00:00:00.0,7481,COMPLETE
744,2013-07-29 00:00:00.0,2960,COMPLETE
748,2013-07-29 00:00:00.0,1198,COMPLETE
753,2013-07-29 00:00:00.0,5094,CANCELED
754,2013-07-29 00:00:00.0,6699,COMPLETE
755,2013-07-29 00:00:00.0,1478,COMPLETE
759,2013-07-29 00:00:00.0,3328,COMPLETE
760,2013-07-29 00:00:00.0,444,ON_HOLD
764,2013-07-29 00:00:00.0,8625,COMPLETE
766,2013-07-29 00:00:00.0,12328,COMPLETE
773,2013-07-29 00:00:00.0,10414,PENDING_PAYMENT
778,2013-07-29 00:00:00.0,5759,COMPLETE
779,2013-07-29 00:00:00.0,2004,PENDING_PAYMENT
780,2013-07-29 00:00:00.0,2016,COMPLETE
784,2013-07-29 00:00:00.0,3321,PENDING_PAYMENT
787,2013-07-29 00:00:00.0,1150,CLOSED
789,2013-07-29 00:00:00.0,17,COMPLETE
792,2013-07-29 00:00:00.0,12218,PENDING
793,2013-07-29 00:00:00.0,11007,PROCESSING
796,2013-07-29 00:00:00.0,11292,ON_HOLD
797,2013-07-29 00:00:00.0,6527,PROCESSING
798,2013-07-29 00:00:00.0,8709,COMPLETE
800,2013-07-29 00:00:00.0,9946,COMPLETE
801,2013-07-29 00:00:00.0,532,PENDING_PAYMENT
802,2013-07-29 00:00:00.0,1670,COMPLETE
803,2013-07-29 00:00:00.0,5569,PENDING_PAYMENT
817,2013-07-29 00:00:00.0,9975,CLOSED
823,2013-07-29 00:00:00.0,9469,CLOSED
828,2013-07-29 00:00:00.0,2606,PENDING
833,2013-07-29 00:00:00.0,4076,PENDING_PAYMENT
834,2013-07-29 00:00:00.0,481,PROCESSING
835,2013-07-29 00:00:00.0,10640,COMPLETE
839,2013-07-29 00:00:00.0,377,COMPLETE
841,2013-07-29 00:00:00.0,8410,PENDING_PAYMENT
842,2013-07-29 00:00:00.0,4038,PENDING_PAYMENT
844,2013-07-29 00:00:00.0,6061,PENDING_PAYMENT
845,2013-07-29 00:00:00.0,5715,PROCESSING
848,2013-07-29 00:00:00.0,6018,COMPLETE
850,2013-07-29 00:00:00.0,7382,PENDING
855,2013-07-29 00:00:00.0,4535,PENDING_PAYMENT
857,2013-07-29 00:00:00.0,833,PAYMENT_REVIEW
860,2013-07-29 00:00:00.0,9725,COMPLETE
863,2013-07-29 00:00:00.0,6081,COMPLETE
866,2013-07-29 00:00:00.0,6788,ON_HOLD
870,2013-07-29 00:00:00.0,6516,PENDING
875,2013-07-29 00:00:00.0,8330,PROCESSING
878,2013-07-30 00:00:00.0,207,COMPLETE
879,2013-07-30 00:00:00.0,3031,COMPLETE
881,2013-07-30 00:00:00.0,3291,COMPLETE
882,2013-07-30 00:00:00.0,4102,COMPLETE
883,2013-07-30 00:00:00.0,4305,COMPLETE
888,2013-07-30 00:00:00.0,6610,PENDING_PAYMENT
889,2013-07-30 00:00:00.0,3677,COMPLETE
896,2013-07-30 00:00:00.0,478,PENDING_PAYMENT
899,2013-07-30 00:00:00.0,7707,PENDING
902,2013-07-30 00:00:00.0,1641,PROCESSING
903,2013-07-30 00:00:00.0,2199,PENDING
907,2013-07-30 00:00:00.0,10661,COMPLETE
912,2013-07-30 00:00:00.0,3076,PENDING_PAYMENT
916,2013-07-30 00:00:00.0,48,PENDING
917,2013-07-30 00:00:00.0,9901,COMPLETE
918,2013-07-30 00:00:00.0,780,PENDING_PAYMENT
919,2013-07-30 00:00:00.0,10890,COMPLETE
927,2013-07-30 00:00:00.0,2520,COMPLETE
935,2013-07-30 00:00:00.0,10086,PENDING_PAYMENT
938,2013-07-30 00:00:00.0,7802,COMPLETE
942,2013-07-30 00:00:00.0,9704,COMPLETE
946,2013-07-30 00:00:00.0,10961,COMPLETE
947,2013-07-30 00:00:00.0,2637,CLOSED
950,2013-07-30 00:00:00.0,4151,PENDING_PAYMENT
951,2013-07-30 00:00:00.0,3129,CLOSED
957,2013-07-30 00:00:00.0,9879,PENDING
965,2013-07-30 00:00:00.0,1907,ON_HOLD
968,2013-07-30 00:00:00.0,7845,ON_HOLD
969,2013-07-30 00:00:00.0,9247,COMPLETE
977,2013-07-30 00:00:00.0,7817,COMPLETE
984,2013-07-30 00:00:00.0,12350,ON_HOLD
986,2013-07-30 00:00:00.0,7820,PROCESSING
987,2013-07-30 00:00:00.0,7418,COMPLETE
990,2013-07-30 00:00:00.0,7254,COMPLETE
992,2013-07-30 00:00:00.0,7107,COMPLETE
996,2013-07-30 00:00:00.0,12221,CLOSED
997,2013-07-30 00:00:00.0,8786,COMPLETE
999,2013-07-30 00:00:00.0,9358,PROCESSING
1004,2013-07-30 00:00:00.0,10701,COMPLETE
1007,2013-07-30 00:00:00.0,1417,PENDING_PAYMENT
1011,2013-07-30 00:00:00.0,7214,COMPLETE
1017,2013-07-30 00:00:00.0,3781,PROCESSING
1018,2013-07-30 00:00:00.0,19,COMPLETE
1020,2013-07-30 00:00:00.0,4815,PENDING_PAYMENT
1025,2013-07-30 00:00:00.0,9474,PROCESSING
1033,2013-07-30 00:00:00.0,6339,CLOSED
1035,2013-07-30 00:00:00.0,9117,COMPLETE
1037,2013-07-30 00:00:00.0,1757,PENDING_PAYMENT
1039,2013-07-30 00:00:00.0,1558,COMPLETE
1047,2013-07-30 00:00:00.0,2775,PENDING
1048,2013-07-30 00:00:00.0,11869,PENDING_PAYMENT
1052,2013-07-30 00:00:00.0,464,PROCESSING
1057,2013-07-30 00:00:00.0,8378,PENDING
1063,2013-07-30 00:00:00.0,4868,SUSPECTED_FRAUD
1065,2013-07-30 00:00:00.0,5774,PROCESSING
1073,2013-07-30 00:00:00.0,780,PROCESSING
1075,2013-07-30 00:00:00.0,2735,COMPLETE
1090,2013-07-31 00:00:00.0,9940,PROCESSING
1091,2013-07-31 00:00:00.0,7042,COMPLETE
1098,2013-07-31 00:00:00.0,11983,COMPLETE
1100,2013-07-31 00:00:00.0,2850,SUSPECTED_FRAUD
1103,2013-07-31 00:00:00.0,10519,PROCESSING
1106,2013-07-31 00:00:00.0,2106,COMPLETE
1113,2013-07-31 00:00:00.0,6237,CLOSED
1116,2013-07-31 00:00:00.0,4383,PENDING_PAYMENT
1118,2013-07-31 00:00:00.0,7903,PENDING_PAYMENT
1119,2013-07-31 00:00:00.0,2267,COMPLETE
1120,2013-07-31 00:00:00.0,6515,PENDING_PAYMENT
1122,2013-07-31 00:00:00.0,10235,PENDING
1124,2013-07-31 00:00:00.0,3703,ON_HOLD
1126,2013-07-31 00:00:00.0,6649,COMPLETE
1127,2013-07-31 00:00:00.0,1069,ON_HOLD
1130,2013-07-31 00:00:00.0,6983,PENDING
1131,2013-07-31 00:00:00.0,5533,PROCESSING
1140,2013-07-31 00:00:00.0,1073,CLOSED
1143,2013-07-31 00:00:00.0,9715,COMPLETE
1144,2013-07-31 00:00:00.0,61,SUSPECTED_FRAUD
1147,2013-07-31 00:00:00.0,5182,CLOSED
1150,2013-07-31 00:00:00.0,2826,PENDING
1154,2013-07-31 00:00:00.0,3554,COMPLETE
1160,2013-07-31 00:00:00.0,1498,CLOSED
1162,2013-07-31 00:00:00.0,5195,COMPLETE
1164,2013-07-31 00:00:00.0,7009,COMPLETE
1166,2013-07-31 00:00:00.0,8936,CLOSED
1168,2013-07-31 00:00:00.0,61,PENDING_PAYMENT
1169,2013-07-31 00:00:00.0,3971,CANCELED
1173,2013-07-31 00:00:00.0,5645,COMPLETE
1175,2013-07-31 00:00:00.0,1330,COMPLETE
1177,2013-07-31 00:00:00.0,9712,CLOSED
1178,2013-07-31 00:00:00.0,10513,CLOSED
1180,2013-07-31 00:00:00.0,7061,CLOSED
1182,2013-07-31 00:00:00.0,6438,COMPLETE
1183,2013-07-31 00:00:00.0,11732,PROCESSING
1186,2013-07-31 00:00:00.0,11947,CANCELED
1189,2013-07-31 00:00:00.0,10333,PENDING_PAYMENT
1190,2013-07-31 00:00:00.0,12360,CANCELED
1200,2013-07-31 00:00:00.0,11994,COMPLETE
1210,2013-07-31 00:00:00.0,6014,CLOSED
1211,2013-07-31 00:00:00.0,10929,PENDING
1213,2013-07-31 00:00:00.0,9250,CLOSED
1215,2013-07-31 00:00:00.0,2660,COMPLETE
1217,2013-07-31 00:00:00.0,5328,COMPLETE
1218,2013-07-31 00:00:00.0,4469,PENDING
1225,2013-07-31 00:00:00.0,665,COMPLETE
1226,2013-07-31 00:00:00.0,9643,COMPLETE
1227,2013-07-31 00:00:00.0,8836,PENDING_PAYMENT
1230,2013-07-31 00:00:00.0,11855,COMPLETE
1231,2013-07-31 00:00:00.0,987,PROCESSING
1234,2013-07-31 00:00:00.0,7639,PENDING
1240,2013-07-31 00:00:00.0,749,COMPLETE
1244,2013-07-31 00:00:00.0,10480,COMPLETE
1245,2013-07-31 00:00:00.0,2686,PENDING_PAYMENT
1246,2013-07-31 00:00:00.0,9098,COMPLETE
1252,2013-07-31 00:00:00.0,10504,PENDING
1256,2013-07-31 00:00:00.0,1834,PENDING_PAYMENT
1260,2013-07-31 00:00:00.0,9123,PENDING
1261,2013-07-31 00:00:00.0,11960,PROCESSING
1264,2013-07-31 00:00:00.0,6474,PENDING_PAYMENT
1266,2013-07-31 00:00:00.0,10850,ON_HOLD
1267,2013-07-31 00:00:00.0,1147,COMPLETE
1270,2013-07-31 00:00:00.0,6909,ON_HOLD
1272,2013-07-31 00:00:00.0,3127,PENDING_PAYMENT
1284,2013-07-31 00:00:00.0,1750,ON_HOLD
1286,2013-07-31 00:00:00.0,8389,PENDING_PAYMENT
1289,2013-07-31 00:00:00.0,11414,PROCESSING
1290,2013-07-31 00:00:00.0,6742,PROCESSING
1292,2013-07-31 00:00:00.0,11460,COMPLETE
1295,2013-07-31 00:00:00.0,611,CLOSED
1299,2013-08-01 00:00:00.0,7802,COMPLETE
1301,2013-08-01 00:00:00.0,1604,PENDING_PAYMENT
1302,2013-08-01 00:00:00.0,1695,COMPLETE
1304,2013-08-01 00:00:00.0,2059,COMPLETE
1307,2013-08-01 00:00:00.0,4474,COMPLETE
1308,2013-08-01 00:00:00.0,11645,PENDING
1313,2013-08-01 00:00:00.0,3471,CANCELED
1314,2013-08-01 00:00:00.0,10993,COMPLETE
1315,2013-08-01 00:00:00.0,5660,COMPLETE
1317,2013-08-01 00:00:00.0,5467,PENDING
1318,2013-08-01 00:00:00.0,4212,COMPLETE
1320,2013-08-01 00:00:00.0,12270,COMPLETE
1324,2013-08-01 00:00:00.0,4600,COMPLETE
1325,2013-08-01 00:00:00.0,10425,PENDING
1326,2013-08-01 00:00:00.0,10811,PENDING_PAYMENT
1335,2013-08-01 00:00:00.0,5762,COMPLETE
1346,2013-08-01 00:00:00.0,2090,PENDING_PAYMENT
1348,2013-08-01 00:00:00.0,2359,PENDING_PAYMENT
1350,2013-08-01 00:00:00.0,7006,COMPLETE
1355,2013-08-01 00:00:00.0,11218,PENDING
1356,2013-08-01 00:00:00.0,8984,PENDING_PAYMENT
1358,2013-08-01 00:00:00.0,4041,ON_HOLD
1362,2013-08-01 00:00:00.0,5661,COMPLETE
1363,2013-08-01 00:00:00.0,12251,PENDING
1364,2013-08-01 00:00:00.0,3192,PENDING_PAYMENT
1373,2013-08-01 00:00:00.0,10611,PROCESSING
1378,2013-08-01 00:00:00.0,3410,PROCESSING
1386,2013-08-01 00:00:00.0,11310,PROCESSING
1388,2013-08-01 00:00:00.0,12046,PENDING
1390,2013-08-01 00:00:00.0,8964,COMPLETE
1391,2013-08-01 00:00:00.0,5994,PENDING_PAYMENT
1394,2013-08-01 00:00:00.0,6857,PENDING_PAYMENT
1395,2013-08-01 00:00:00.0,3147,ON_HOLD
1400,2013-08-01 00:00:00.0,478,COMPLETE
1404,2013-08-01 00:00:00.0,8986,PENDING
1405,2013-08-01 00:00:00.0,8627,COMPLETE
1406,2013-08-01 00:00:00.0,2370,PENDING
1408,2013-08-01 00:00:00.0,6819,CLOSED
1417,2013-08-01 00:00:00.0,5676,PENDING
1420,2013-08-01 00:00:00.0,7013,PENDING
1421,2013-08-01 00:00:00.0,5358,PENDING
1423,2013-08-01 00:00:00.0,12116,PROCESSING
1431,2013-08-01 00:00:00.0,11358,CLOSED
1434,2013-08-01 00:00:00.0,6607,COMPLETE
1436,2013-08-01 00:00:00.0,10608,PENDING_PAYMENT
1439,2013-08-01 00:00:00.0,11719,COMPLETE
1440,2013-08-01 00:00:00.0,9310,COMPLETE
1442,2013-08-01 00:00:00.0,7646,PENDING_PAYMENT
1447,2013-08-01 00:00:00.0,10324,PENDING
1452,2013-08-01 00:00:00.0,4953,COMPLETE
1454,2013-08-01 00:00:00.0,1108,CLOSED
1455,2013-08-01 00:00:00.0,4875,ON_HOLD
1457,2013-08-01 00:00:00.0,9657,PENDING
1464,2013-08-01 00:00:00.0,7510,COMPLETE
1469,2013-08-01 00:00:00.0,6087,PENDING_PAYMENT
1470,2013-08-01 00:00:00.0,2802,CLOSED
1473,2013-08-01 00:00:00.0,10933,PENDING
1477,2013-08-01 00:00:00.0,12101,CLOSED
1478,2013-08-01 00:00:00.0,12136,PENDING_PAYMENT
1479,2013-08-01 00:00:00.0,3752,PENDING
1480,2013-08-01 00:00:00.0,3159,PROCESSING
1481,2013-08-01 00:00:00.0,5953,COMPLETE
1484,2013-08-01 00:00:00.0,10601,COMPLETE
1485,2013-08-01 00:00:00.0,10870,PENDING_PAYMENT
1489,2013-08-01 00:00:00.0,2550,COMPLETE
1490,2013-08-01 00:00:00.0,5067,COMPLETE
1499,2013-08-01 00:00:00.0,8330,PENDING
1500,2013-08-01 00:00:00.0,692,CLOSED
1501,2013-08-01 00:00:00.0,4787,COMPLETE
1502,2013-08-01 00:00:00.0,6236,PENDING_PAYMENT
1505,2013-08-01 00:00:00.0,7795,COMPLETE
1506,2013-08-01 00:00:00.0,8566,PROCESSING
1508,2013-08-01 00:00:00.0,6622,ON_HOLD
1509,2013-08-01 00:00:00.0,11060,SUSPECTED_FRAUD
1516,2013-08-01 00:00:00.0,8604,PENDING_PAYMENT
1517,2013-08-01 00:00:00.0,10515,PROCESSING
1518,2013-08-01 00:00:00.0,4739,ON_HOLD
1520,2013-08-01 00:00:00.0,12309,COMPLETE
1521,2013-08-01 00:00:00.0,11622,COMPLETE
1522,2013-08-01 00:00:00.0,5713,COMPLETE
1523,2013-08-01 00:00:00.0,8256,PROCESSING
1525,2013-08-01 00:00:00.0,6592,COMPLETE
1528,2013-08-01 00:00:00.0,8949,PENDING
1531,2013-08-02 00:00:00.0,8731,COMPLETE
1535,2013-08-02 00:00:00.0,2129,COMPLETE
1538,2013-08-02 00:00:00.0,4172,SUSPECTED_FRAUD
1540,2013-08-02 00:00:00.0,3244,PAYMENT_REVIEW
1542,2013-08-02 00:00:00.0,7260,PENDING
1546,2013-08-02 00:00:00.0,797,PENDING_PAYMENT
1548,2013-08-02 00:00:00.0,1556,CLOSED
1555,2013-08-02 00:00:00.0,1831,COMPLETE
1560,2013-08-02 00:00:00.0,7542,CLOSED
1564,2013-08-02 00:00:00.0,7815,CLOSED
1568,2013-08-02 00:00:00.0,5005,PROCESSING
1572,2013-08-02 00:00:00.0,353,COMPLETE
1573,2013-08-02 00:00:00.0,12270,PENDING_PAYMENT
1575,2013-08-02 00:00:00.0,7629,PENDING_PAYMENT
1576,2013-08-02 00:00:00.0,10363,PROCESSING
1577,2013-08-02 00:00:00.0,7100,COMPLETE
1585,2013-08-02 00:00:00.0,6747,PROCESSING
1590,2013-08-02 00:00:00.0,483,COMPLETE
1598,2013-08-02 00:00:00.0,10784,CANCELED
1605,2013-08-02 00:00:00.0,6119,COMPLETE
1606,2013-08-02 00:00:00.0,5383,CLOSED
1608,2013-08-02 00:00:00.0,8732,PENDING_PAYMENT
1613,2013-08-02 00:00:00.0,1252,COMPLETE
1618,2013-08-02 00:00:00.0,9459,COMPLETE
1620,2013-08-02 00:00:00.0,3010,COMPLETE
1621,2013-08-02 00:00:00.0,5140,PENDING
1627,2013-08-02 00:00:00.0,2430,PENDING_PAYMENT
1629,2013-08-02 00:00:00.0,1365,PENDING_PAYMENT
1630,2013-08-02 00:00:00.0,6222,COMPLETE
1632,2013-08-02 00:00:00.0,10556,PROCESSING
1634,2013-08-02 00:00:00.0,7273,PROCESSING
1636,2013-08-02 00:00:00.0,1082,PENDING_PAYMENT
1637,2013-08-02 00:00:00.0,9504,COMPLETE
1646,2013-08-02 00:00:00.0,6362,SUSPECTED_FRAUD
1653,2013-08-02 00:00:00.0,9808,COMPLETE
1655,2013-08-02 00:00:00.0,5549,PENDING
1658,2013-08-02 00:00:00.0,2195,PENDING
1660,2013-08-02 00:00:00.0,2306,COMPLETE
1664,2013-08-02 00:00:00.0,1821,COMPLETE
1665,2013-08-02 00:00:00.0,8292,COMPLETE
1668,2013-08-02 00:00:00.0,11833,ON_HOLD
1670,2013-08-02 00:00:00.0,10588,COMPLETE
1672,2013-08-02 00:00:00.0,10602,COMPLETE
1673,2013-08-02 00:00:00.0,10061,COMPLETE
1674,2013-08-02 00:00:00.0,4364,COMPLETE
1676,2013-08-02 00:00:00.0,11641,COMPLETE
1678,2013-08-02 00:00:00.0,1419,COMPLETE
1679,2013-08-02 00:00:00.0,6850,PENDING_PAYMENT
1680,2013-08-02 00:00:00.0,6799,PENDING_PAYMENT
1686,2013-08-02 00:00:00.0,1337,CLOSED
1692,2013-08-02 00:00:00.0,4483,PROCESSING
1693,2013-08-02 00:00:00.0,3885,ON_HOLD
1695,2013-08-02 00:00:00.0,2126,PROCESSING
1698,2013-08-02 00:00:00.0,7882,COMPLETE
1699,2013-08-02 00:00:00.0,4540,PENDING
1704,2013-08-02 00:00:00.0,5310,COMPLETE
1705,2013-08-02 00:00:00.0,157,PROCESSING
1712,2013-08-02 00:00:00.0,33,COMPLETE
1715,2013-08-02 00:00:00.0,7546,COMPLETE
1718,2013-08-02 00:00:00.0,7775,PENDING_PAYMENT
1724,2013-08-02 00:00:00.0,2938,PENDING_PAYMENT
1728,2013-08-02 00:00:00.0,66,PENDING_PAYMENT
1732,2013-08-03 00:00:00.0,2851,PENDING_PAYMENT
1737,2013-08-03 00:00:00.0,3653,COMPLETE
1741,2013-08-03 00:00:00.0,8622,COMPLETE
1743,2013-08-03 00:00:00.0,4150,PENDING_PAYMENT
1752,2013-08-03 00:00:00.0,11516,PENDING_PAYMENT
1753,2013-08-03 00:00:00.0,109,COMPLETE
1755,2013-08-03 00:00:00.0,10457,COMPLETE
1758,2013-08-03 00:00:00.0,7399,PENDING_PAYMENT
1760,2013-08-03 00:00:00.0,1533,PENDING
1761,2013-08-03 00:00:00.0,5399,PROCESSING
1768,2013-08-03 00:00:00.0,9695,COMPLETE
1769,2013-08-03 00:00:00.0,656,PENDING
1770,2013-08-03 00:00:00.0,480,ON_HOLD
1771,2013-08-03 00:00:00.0,1008,PENDING_PAYMENT
1777,2013-08-03 00:00:00.0,7264,COMPLETE
1781,2013-08-03 00:00:00.0,3254,PROCESSING
1783,2013-08-03 00:00:00.0,5229,CLOSED
1790,2013-08-03 00:00:00.0,11052,PROCESSING
1792,2013-08-03 00:00:00.0,11476,CLOSED
1793,2013-08-03 00:00:00.0,8018,PENDING_PAYMENT
1800,2013-08-03 00:00:00.0,9572,COMPLETE
1803,2013-08-03 00:00:00.0,8870,CLOSED
1804,2013-08-03 00:00:00.0,1866,PENDING
1805,2013-08-03 00:00:00.0,11805,PENDING
1810,2013-08-03 00:00:00.0,11308,PROCESSING
1812,2013-08-03 00:00:00.0,7001,PENDING_PAYMENT
1814,2013-08-03 00:00:00.0,8774,ON_HOLD
1818,2013-08-03 00:00:00.0,2752,CLOSED
1819,2013-08-03 00:00:00.0,4502,COMPLETE
1821,2013-08-03 00:00:00.0,11296,PROCESSING
1826,2013-08-03 00:00:00.0,10170,PROCESSING
1827,2013-08-03 00:00:00.0,1540,PENDING_PAYMENT
1828,2013-08-03 00:00:00.0,12060,PROCESSING
1829,2013-08-03 00:00:00.0,3951,COMPLETE
1830,2013-08-03 00:00:00.0,1012,COMPLETE
1831,2013-08-03 00:00:00.0,9699,PENDING_PAYMENT
1832,2013-08-03 00:00:00.0,7693,COMPLETE
1833,2013-08-03 00:00:00.0,1798,CLOSED
1834,2013-08-03 00:00:00.0,3686,COMPLETE
1835,2013-08-03 00:00:00.0,6125,PENDING_PAYMENT
1842,2013-08-03 00:00:00.0,4354,ON_HOLD
1843,2013-08-03 00:00:00.0,6246,COMPLETE
1844,2013-08-03 00:00:00.0,8800,COMPLETE
1846,2013-08-03 00:00:00.0,4154,COMPLETE
1849,2013-08-03 00:00:00.0,3757,CANCELED
1860,2013-08-03 00:00:00.0,1994,PROCESSING
1865,2013-08-03 00:00:00.0,7543,COMPLETE
1866,2013-08-03 00:00:00.0,11051,PROCESSING
1867,2013-08-03 00:00:00.0,6141,PENDING_PAYMENT
1868,2013-08-03 00:00:00.0,12434,CLOSED
1872,2013-08-03 00:00:00.0,6050,PENDING_PAYMENT
1877,2013-08-03 00:00:00.0,7364,COMPLETE
1878,2013-08-03 00:00:00.0,5230,PENDING_PAYMENT
1879,2013-08-03 00:00:00.0,6663,PROCESSING
1882,2013-08-03 00:00:00.0,9503,PENDING
1886,2013-08-04 00:00:00.0,3550,COMPLETE
1891,2013-08-04 00:00:00.0,867,PENDING_PAYMENT
1893,2013-08-04 00:00:00.0,4476,CLOSED
1899,2013-08-04 00:00:00.0,4602,PENDING_PAYMENT
1905,2013-08-04 00:00:00.0,7332,PENDING_PAYMENT
1908,2013-08-04 00:00:00.0,3470,PENDING_PAYMENT
1909,2013-08-04 00:00:00.0,8217,PROCESSING
1911,2013-08-04 00:00:00.0,11359,CLOSED
1912,2013-08-04 00:00:00.0,2472,PENDING_PAYMENT
1913,2013-08-04 00:00:00.0,7502,ON_HOLD
1917,2013-08-04 00:00:00.0,11458,COMPLETE
1928,2013-08-04 00:00:00.0,872,PROCESSING
1931,2013-08-04 00:00:00.0,187,PENDING
1932,2013-08-04 00:00:00.0,6098,ON_HOLD
1933,2013-08-04 00:00:00.0,1579,CLOSED
1935,2013-08-04 00:00:00.0,12189,COMPLETE
1937,2013-08-04 00:00:00.0,6827,PROCESSING
1939,2013-08-04 00:00:00.0,5626,PENDING
1942,2013-08-04 00:00:00.0,5837,PENDING_PAYMENT
1948,2013-08-04 00:00:00.0,836,PENDING
1951,2013-08-04 00:00:00.0,8229,PENDING_PAYMENT
1954,2013-08-04 00:00:00.0,6130,COMPLETE
1956,2013-08-04 00:00:00.0,5233,ON_HOLD
1958,2013-08-04 00:00:00.0,5093,COMPLETE
1960,2013-08-04 00:00:00.0,3090,PENDING
1964,2013-08-04 00:00:00.0,8154,PENDING
1965,2013-08-04 00:00:00.0,5637,COMPLETE
1974,2013-08-04 00:00:00.0,9342,COMPLETE
1975,2013-08-04 00:00:00.0,6398,COMPLETE
1977,2013-08-04 00:00:00.0,2999,COMPLETE
1978,2013-08-04 00:00:00.0,1031,PENDING_PAYMENT
1982,2013-08-04 00:00:00.0,7323,COMPLETE
1988,2013-08-04 00:00:00.0,4326,PENDING
1989,2013-08-04 00:00:00.0,11041,CLOSED
1996,2013-08-04 00:00:00.0,7491,PENDING_PAYMENT
1999,2013-08-04 00:00:00.0,4867,PROCESSING
2001,2013-08-04 00:00:00.0,8368,CLOSED
2002,2013-08-04 00:00:00.0,9355,PENDING_PAYMENT
2009,2013-08-04 00:00:00.0,5582,PENDING_PAYMENT
2016,2013-08-04 00:00:00.0,2462,COMPLETE
2021,2013-08-04 00:00:00.0,4136,PROCESSING
2022,2013-08-04 00:00:00.0,251,PENDING_PAYMENT
2023,2013-08-04 00:00:00.0,3006,COMPLETE
2024,2013-08-04 00:00:00.0,8031,PENDING
2025,2013-08-04 00:00:00.0,6415,COMPLETE
2034,2013-08-05 00:00:00.0,6002,COMPLETE
2038,2013-08-05 00:00:00.0,11433,CLOSED
2042,2013-08-05 00:00:00.0,3978,PENDING
2046,2013-08-05 00:00:00.0,5032,COMPLETE
2051,2013-08-05 00:00:00.0,3812,COMPLETE
2058,2013-08-05 00:00:00.0,5573,COMPLETE
2059,2013-08-05 00:00:00.0,11250,COMPLETE
2061,2013-08-05 00:00:00.0,6369,CLOSED
2063,2013-08-05 00:00:00.0,11210,CLOSED
2064,2013-08-05 00:00:00.0,3442,PENDING_PAYMENT
2065,2013-08-05 00:00:00.0,2319,COMPLETE
2068,2013-08-05 00:00:00.0,4788,CLOSED
2075,2013-08-05 00:00:00.0,2660,COMPLETE
2076,2013-08-05 00:00:00.0,4960,ON_HOLD
2082,2013-08-05 00:00:00.0,10610,PENDING_PAYMENT
2086,2013-08-05 00:00:00.0,2154,COMPLETE
2087,2013-08-05 00:00:00.0,7575,PENDING
2094,2013-08-05 00:00:00.0,2153,PROCESSING
2101,2013-08-05 00:00:00.0,5559,PENDING_PAYMENT
2102,2013-08-05 00:00:00.0,3087,COMPLETE
2103,2013-08-05 00:00:00.0,9055,CLOSED
2104,2013-08-05 00:00:00.0,2915,CLOSED
2105,2013-08-05 00:00:00.0,10538,COMPLETE
2114,2013-08-05 00:00:00.0,1772,COMPLETE
2120,2013-08-05 00:00:00.0,7830,PENDING
2122,2013-08-05 00:00:00.0,10518,COMPLETE
2123,2013-08-05 00:00:00.0,10824,PENDING_PAYMENT
2125,2013-08-05 00:00:00.0,11318,COMPLETE
2127,2013-08-05 00:00:00.0,3508,COMPLETE
2128,2013-08-05 00:00:00.0,4269,COMPLETE
2130,2013-08-05 00:00:00.0,10248,CLOSED
2135,2013-08-05 00:00:00.0,5261,PENDING
2136,2013-08-05 00:00:00.0,11420,PROCESSING
2141,2013-08-05 00:00:00.0,5269,PENDING_PAYMENT
2145,2013-08-05 00:00:00.0,1257,ON_HOLD
2147,2013-08-05 00:00:00.0,4769,ON_HOLD
2148,2013-08-05 00:00:00.0,2363,COMPLETE
2149,2013-08-05 00:00:00.0,2337,PROCESSING
2156,2013-08-05 00:00:00.0,2335,ON_HOLD
2161,2013-08-06 00:00:00.0,183,COMPLETE
2162,2013-08-06 00:00:00.0,7139,PROCESSING
2163,2013-08-06 00:00:00.0,11650,COMPLETE
2171,2013-08-06 00:00:00.0,10462,COMPLETE
2179,2013-08-06 00:00:00.0,7685,PENDING
2180,2013-08-06 00:00:00.0,7393,COMPLETE
2181,2013-08-06 00:00:00.0,6677,PENDING_PAYMENT
2184,2013-08-06 00:00:00.0,1480,COMPLETE
2185,2013-08-06 00:00:00.0,9078,COMPLETE
2187,2013-08-06 00:00:00.0,4567,COMPLETE
2188,2013-08-06 00:00:00.0,12236,PENDING
2189,2013-08-06 00:00:00.0,6829,CANCELED
2192,2013-08-06 00:00:00.0,3765,COMPLETE
2193,2013-08-06 00:00:00.0,12022,COMPLETE
2197,2013-08-06 00:00:00.0,8373,CLOSED
2199,2013-08-06 00:00:00.0,1860,PENDING
2201,2013-08-06 00:00:00.0,7693,PROCESSING
2214,2013-08-06 00:00:00.0,6784,PENDING
2219,2013-08-06 00:00:00.0,7915,ON_HOLD
2221,2013-08-06 00:00:00.0,3696,PENDING_PAYMENT
2226,2013-08-06 00:00:00.0,8416,COMPLETE
2228,2013-08-06 00:00:00.0,8624,COMPLETE
2230,2013-08-06 00:00:00.0,5253,COMPLETE
2233,2013-08-06 00:00:00.0,7114,PENDING_PAYMENT
2234,2013-08-06 00:00:00.0,7516,PROCESSING
2236,2013-08-06 00:00:00.0,4305,CLOSED
2237,2013-08-06 00:00:00.0,4854,PROCESSING
2238,2013-08-06 00:00:00.0,6878,COMPLETE
2239,2013-08-06 00:00:00.0,6327,PENDING
2242,2013-08-06 00:00:00.0,10916,PENDING_PAYMENT
2245,2013-08-06 00:00:00.0,11895,COMPLETE
2246,2013-08-06 00:00:00.0,5445,PENDING_PAYMENT
2251,2013-08-06 00:00:00.0,4876,PAYMENT_REVIEW
2252,2013-08-06 00:00:00.0,80,PENDING_PAYMENT
2254,2013-08-06 00:00:00.0,1850,PENDING_PAYMENT
2257,2013-08-06 00:00:00.0,8382,PENDING
2259,2013-08-06 00:00:00.0,6356,PENDING
2260,2013-08-06 00:00:00.0,11890,PROCESSING
2261,2013-08-06 00:00:00.0,341,PENDING
2264,2013-08-06 00:00:00.0,5388,CANCELED
2265,2013-08-06 00:00:00.0,2019,PROCESSING
2276,2013-08-06 00:00:00.0,3191,PENDING_PAYMENT
2278,2013-08-06 00:00:00.0,4427,COMPLETE
2285,2013-08-06 00:00:00.0,734,CLOSED
2286,2013-08-06 00:00:00.0,2534,COMPLETE
2287,2013-08-06 00:00:00.0,6011,COMPLETE
2290,2013-08-06 00:00:00.0,5594,PROCESSING
2292,2013-08-06 00:00:00.0,4659,PENDING_PAYMENT
2297,2013-08-06 00:00:00.0,5627,COMPLETE
2302,2013-08-06 00:00:00.0,9354,CLOSED
2303,2013-08-06 00:00:00.0,2440,COMPLETE
2311,2013-08-06 00:00:00.0,2103,PROCESSING
2313,2013-08-06 00:00:00.0,8855,PENDING_PAYMENT
2314,2013-08-06 00:00:00.0,8165,COMPLETE
2318,2013-08-06 00:00:00.0,3227,PROCESSING
2319,2013-08-06 00:00:00.0,11005,PROCESSING
2322,2013-08-06 00:00:00.0,11551,ON_HOLD
2324,2013-08-06 00:00:00.0,4254,PENDING_PAYMENT
2327,2013-08-06 00:00:00.0,6845,PROCESSING
2328,2013-08-06 00:00:00.0,6987,PENDING_PAYMENT
2333,2013-08-06 00:00:00.0,7413,ON_HOLD
2338,2013-08-06 00:00:00.0,4910,COMPLETE
2339,2013-08-06 00:00:00.0,6389,CLOSED
2343,2013-08-06 00:00:00.0,8425,COMPLETE
2347,2013-08-06 00:00:00.0,7778,COMPLETE
2350,2013-08-06 00:00:00.0,6649,PROCESSING
2351,2013-08-06 00:00:00.0,5947,COMPLETE
2353,2013-08-06 00:00:00.0,4186,PENDING_PAYMENT
2363,2013-08-06 00:00:00.0,10461,CLOSED
2368,2013-08-06 00:00:00.0,8182,PENDING_PAYMENT
2370,2013-08-06 00:00:00.0,9705,COMPLETE
2372,2013-08-06 00:00:00.0,3303,COMPLETE
2375,2013-08-06 00:00:00.0,7604,COMPLETE
2389,2013-08-06 00:00:00.0,10051,COMPLETE
2394,2013-08-06 00:00:00.0,3085,COMPLETE
2395,2013-08-06 00:00:00.0,6311,COMPLETE
2398,2013-08-06 00:00:00.0,3365,PENDING
2400,2013-08-06 00:00:00.0,5590,PENDING
2401,2013-08-06 00:00:00.0,4901,COMPLETE
2404,2013-08-07 00:00:00.0,1076,COMPLETE
2405,2013-08-07 00:00:00.0,4163,CLOSED
2406,2013-08-07 00:00:00.0,7677,CLOSED
2412,2013-08-07 00:00:00.0,2247,CLOSED
2414,2013-08-07 00:00:00.0,7776,CLOSED
2415,2013-08-07 00:00:00.0,6628,CLOSED
2418,2013-08-07 00:00:00.0,7554,PENDING_PAYMENT
2420,2013-08-07 00:00:00.0,6780,CLOSED
2424,2013-08-07 00:00:00.0,2320,PENDING
2427,2013-08-07 00:00:00.0,11544,CLOSED
2428,2013-08-07 00:00:00.0,5965,PROCESSING
2437,2013-08-07 00:00:00.0,11032,COMPLETE
2438,2013-08-07 00:00:00.0,1840,PENDING_PAYMENT
2440,2013-08-07 00:00:00.0,3154,PAYMENT_REVIEW
2441,2013-08-07 00:00:00.0,3617,PROCESSING
2445,2013-08-07 00:00:00.0,7683,COMPLETE
2448,2013-08-07 00:00:00.0,1488,PENDING
2451,2013-08-07 00:00:00.0,8802,PENDING_PAYMENT
2453,2013-08-07 00:00:00.0,11517,COMPLETE
2455,2013-08-07 00:00:00.0,7814,COMPLETE
2456,2013-08-07 00:00:00.0,10850,CLOSED
2461,2013-08-07 00:00:00.0,1655,CLOSED
2466,2013-08-07 00:00:00.0,2285,PENDING_PAYMENT
2468,2013-08-07 00:00:00.0,3766,CANCELED
2473,2013-08-07 00:00:00.0,3763,COMPLETE
2474,2013-08-07 00:00:00.0,2027,COMPLETE
2478,2013-08-07 00:00:00.0,9392,PENDING_PAYMENT
2480,2013-08-07 00:00:00.0,3807,COMPLETE
2481,2013-08-07 00:00:00.0,2476,COMPLETE
2485,2013-08-07 00:00:00.0,7793,PENDING_PAYMENT
2490,2013-08-07 00:00:00.0,1011,PENDING_PAYMENT
2506,2013-08-07 00:00:00.0,1863,CLOSED
2507,2013-08-07 00:00:00.0,4815,PENDING
2508,2013-08-07 00:00:00.0,11762,ON_HOLD
2510,2013-08-07 00:00:00.0,10100,CANCELED
2511,2013-08-07 00:00:00.0,8544,COMPLETE
2512,2013-08-07 00:00:00.0,9728,PENDING
2513,2013-08-07 00:00:00.0,11341,ON_HOLD
2514,2013-08-07 00:00:00.0,11756,PROCESSING
2515,2013-08-07 00:00:00.0,12056,COMPLETE
2533,2013-08-07 00:00:00.0,3034,COMPLETE
2534,2013-08-07 00:00:00.0,4305,PENDING_PAYMENT
2538,2013-08-07 00:00:00.0,9057,ON_HOLD
2542,2013-08-07 00:00:00.0,1213,PROCESSING
2543,2013-08-07 00:00:00.0,8319,CLOSED
2544,2013-08-07 00:00:00.0,11461,PENDING
2546,2013-08-07 00:00:00.0,6775,COMPLETE
2548,2013-08-07 00:00:00.0,7379,PENDING
2550,2013-08-07 00:00:00.0,10312,SUSPECTED_FRAUD
2553,2013-08-07 00:00:00.0,1837,CLOSED
2560,2013-08-07 00:00:00.0,8796,PENDING_PAYMENT
2562,2013-08-07 00:00:00.0,1977,COMPLETE
2563,2013-08-07 00:00:00.0,2547,CLOSED
2567,2013-08-07 00:00:00.0,5409,CLOSED
2574,2013-08-07 00:00:00.0,4552,CLOSED
2575,2013-08-08 00:00:00.0,5070,PENDING_PAYMENT
2578,2013-08-08 00:00:00.0,11467,PROCESSING
2582,2013-08-08 00:00:00.0,1127,COMPLETE
2583,2013-08-08 00:00:00.0,11564,COMPLETE
2585,2013-08-08 00:00:00.0,9821,COMPLETE
2586,2013-08-08 00:00:00.0,6559,COMPLETE
2587,2013-08-08 00:00:00.0,1314,CANCELED
2591,2013-08-08 00:00:00.0,2377,COMPLETE
2594,2013-08-08 00:00:00.0,7891,PENDING_PAYMENT
2595,2013-08-08 00:00:00.0,2076,PENDING_PAYMENT
2596,2013-08-08 00:00:00.0,3603,COMPLETE
2603,2013-08-08 00:00:00.0,3682,PROCESSING
2604,2013-08-08 00:00:00.0,1298,COMPLETE
2605,2013-08-08 00:00:00.0,307,PENDING
2606,2013-08-08 00:00:00.0,2183,PROCESSING
2609,2013-08-08 00:00:00.0,11717,CLOSED
2614,2013-08-08 00:00:00.0,3505,COMPLETE
2617,2013-08-08 00:00:00.0,1702,PENDING_PAYMENT
2618,2013-08-08 00:00:00.0,4879,COMPLETE
2621,2013-08-08 00:00:00.0,8691,PENDING
2623,2013-08-08 00:00:00.0,1394,CLOSED
2628,2013-08-08 00:00:00.0,1828,SUSPECTED_FRAUD
2629,2013-08-08 00:00:00.0,10722,COMPLETE
2630,2013-08-08 00:00:00.0,9619,COMPLETE
2634,2013-08-08 00:00:00.0,5030,PROCESSING
2635,2013-08-08 00:00:00.0,800,COMPLETE
2637,2013-08-08 00:00:00.0,11573,PROCESSING
2641,2013-08-08 00:00:00.0,11224,PENDING
2647,2013-08-08 00:00:00.0,6195,CLOSED
2655,2013-08-08 00:00:00.0,9304,CLOSED
2656,2013-08-08 00:00:00.0,4625,COMPLETE
2658,2013-08-08 00:00:00.0,8741,COMPLETE
2660,2013-08-08 00:00:00.0,2234,COMPLETE
2662,2013-08-08 00:00:00.0,1646,COMPLETE
2664,2013-08-08 00:00:00.0,2260,CANCELED
2665,2013-08-08 00:00:00.0,1610,COMPLETE
2679,2013-08-08 00:00:00.0,9507,CLOSED
2681,2013-08-08 00:00:00.0,12049,PENDING_PAYMENT
2682,2013-08-08 00:00:00.0,4960,COMPLETE
2690,2013-08-08 00:00:00.0,8037,COMPLETE
2693,2013-08-09 00:00:00.0,11208,COMPLETE
2694,2013-08-09 00:00:00.0,8419,COMPLETE
2699,2013-08-09 00:00:00.0,341,PENDING_PAYMENT
2701,2013-08-09 00:00:00.0,5636,PENDING_PAYMENT
2708,2013-08-09 00:00:00.0,2580,ON_HOLD
2713,2013-08-09 00:00:00.0,6149,CLOSED
2715,2013-08-09 00:00:00.0,3301,COMPLETE
2720,2013-08-09 00:00:00.0,9463,COMPLETE
2723,2013-08-09 00:00:00.0,3985,COMPLETE
2724,2013-08-09 00:00:00.0,10704,CLOSED
2725,2013-08-09 00:00:00.0,5741,PENDING
2730,2013-08-09 00:00:00.0,8290,CLOSED
2731,2013-08-09 00:00:00.0,10814,PROCESSING
2733,2013-08-09 00:00:00.0,11555,ON_HOLD
2734,2013-08-09 00:00:00.0,5307,PROCESSING
2737,2013-08-09 00:00:00.0,5992,PENDING_PAYMENT
2738,2013-08-09 00:00:00.0,2310,PENDING_PAYMENT
2739,2013-08-09 00:00:00.0,8951,PENDING
2741,2013-08-09 00:00:00.0,3982,PROCESSING
2747,2013-08-09 00:00:00.0,6402,CLOSED
2749,2013-08-09 00:00:00.0,4023,PENDING_PAYMENT
2751,2013-08-09 00:00:00.0,6745,COMPLETE
2752,2013-08-09 00:00:00.0,9348,PENDING_PAYMENT
2753,2013-08-09 00:00:00.0,1533,PENDING
2754,2013-08-09 00:00:00.0,8946,CANCELED
2755,2013-08-09 00:00:00.0,1679,COMPLETE
2756,2013-08-09 00:00:00.0,7391,CLOSED
2757,2013-08-09 00:00:00.0,245,ON_HOLD
2762,2013-08-09 00:00:00.0,6446,CLOSED
2763,2013-08-09 00:00:00.0,2903,PENDING
2766,2013-08-09 00:00:00.0,3520,COMPLETE
2767,2013-08-09 00:00:00.0,6356,PROCESSING
2775,2013-08-09 00:00:00.0,10402,COMPLETE
2782,2013-08-09 00:00:00.0,12123,PENDING_PAYMENT
2784,2013-08-09 00:00:00.0,8880,CANCELED
2788,2013-08-10 00:00:00.0,6622,PENDING
2791,2013-08-10 00:00:00.0,7942,ON_HOLD
2793,2013-08-10 00:00:00.0,7652,COMPLETE
2794,2013-08-10 00:00:00.0,7129,COMPLETE
2796,2013-08-10 00:00:00.0,5952,PENDING_PAYMENT
2799,2013-08-10 00:00:00.0,9502,PENDING
2802,2013-08-10 00:00:00.0,2115,PAYMENT_REVIEW
2803,2013-08-10 00:00:00.0,2434,COMPLETE
2804,2013-08-10 00:00:00.0,5332,PENDING_PAYMENT
2805,2013-08-10 00:00:00.0,9751,COMPLETE
2806,2013-08-10 00:00:00.0,5462,PROCESSING
2807,2013-08-10 00:00:00.0,12280,COMPLETE
2809,2013-08-10 00:00:00.0,2813,COMPLETE
2810,2013-08-10 00:00:00.0,1288,COMPLETE
2814,2013-08-10 00:00:00.0,9847,PENDING_PAYMENT
2819,2013-08-10 00:00:00.0,12200,PENDING
2820,2013-08-10 00:00:00.0,3419,PROCESSING
2822,2013-08-10 00:00:00.0,364,ON_HOLD
2823,2013-08-10 00:00:00.0,11676,SUSPECTED_FRAUD
2824,2013-08-10 00:00:00.0,4652,PENDING_PAYMENT
2826,2013-08-10 00:00:00.0,9235,COMPLETE
2827,2013-08-10 00:00:00.0,10607,COMPLETE
2832,2013-08-10 00:00:00.0,1518,PENDING
2834,2013-08-10 00:00:00.0,8745,PENDING_PAYMENT
2836,2013-08-10 00:00:00.0,4819,COMPLETE
2843,2013-08-10 00:00:00.0,2619,CLOSED
2846,2013-08-10 00:00:00.0,3771,COMPLETE
2849,2013-08-10 00:00:00.0,502,PENDING_PAYMENT
2852,2013-08-10 00:00:00.0,11075,PROCESSING
2853,2013-08-10 00:00:00.0,11177,PROCESSING
2855,2013-08-10 00:00:00.0,7201,COMPLETE
2857,2013-08-10 00:00:00.0,6623,PENDING_PAYMENT
2859,2013-08-10 00:00:00.0,9494,COMPLETE
2860,2013-08-10 00:00:00.0,4397,PENDING_PAYMENT
2861,2013-08-10 00:00:00.0,2051,CLOSED
2862,2013-08-10 00:00:00.0,3332,ON_HOLD
2864,2013-08-10 00:00:00.0,6198,PENDING_PAYMENT
2866,2013-08-10 00:00:00.0,7326,PENDING
2869,2013-08-10 00:00:00.0,11460,PENDING
2870,2013-08-10 00:00:00.0,615,COMPLETE
2871,2013-08-10 00:00:00.0,1766,COMPLETE
2873,2013-08-10 00:00:00.0,7311,PENDING
2874,2013-08-10 00:00:00.0,10608,COMPLETE
2876,2013-08-10 00:00:00.0,9548,CLOSED
2880,2013-08-10 00:00:00.0,4123,PROCESSING
2882,2013-08-10 00:00:00.0,3647,COMPLETE
2889,2013-08-10 00:00:00.0,8885,COMPLETE
2891,2013-08-10 00:00:00.0,11540,COMPLETE
2894,2013-08-10 00:00:00.0,11911,PROCESSING
2896,2013-08-10 00:00:00.0,8657,CLOSED
2897,2013-08-10 00:00:00.0,9935,CLOSED
2898,2013-08-10 00:00:00.0,8432,COMPLETE
2900,2013-08-10 00:00:00.0,10787,COMPLETE
2904,2013-08-10 00:00:00.0,4942,PENDING_PAYMENT
2907,2013-08-10 00:00:00.0,7363,PENDING
2910,2013-08-10 00:00:00.0,7593,COMPLETE
2912,2013-08-10 00:00:00.0,9053,ON_HOLD
2916,2013-08-10 00:00:00.0,4162,PENDING_PAYMENT
2919,2013-08-10 00:00:00.0,6405,PENDING
2920,2013-08-10 00:00:00.0,11673,COMPLETE
2922,2013-08-10 00:00:00.0,8179,COMPLETE
2923,2013-08-10 00:00:00.0,6362,CLOSED
2924,2013-08-10 00:00:00.0,4316,PENDING_PAYMENT
2925,2013-08-10 00:00:00.0,5299,PROCESSING
2927,2013-08-10 00:00:00.0,2252,PENDING_PAYMENT
2928,2013-08-10 00:00:00.0,11147,PENDING
2929,2013-08-10 00:00:00.0,1044,COMPLETE
2931,2013-08-10 00:00:00.0,5865,PROCESSING
2935,2013-08-10 00:00:00.0,166,CLOSED
2937,2013-08-10 00:00:00.0,10860,PROCESSING
2945,2013-08-10 00:00:00.0,4861,SUSPECTED_FRAUD
2948,2013-08-10 00:00:00.0,7065,PROCESSING
2951,2013-08-10 00:00:00.0,7845,PENDING_PAYMENT
2953,2013-08-10 00:00:00.0,215,PROCESSING
2954,2013-08-10 00:00:00.0,1043,COMPLETE
2956,2013-08-10 00:00:00.0,8542,PENDING
2959,2013-08-10 00:00:00.0,8942,CLOSED
2960,2013-08-10 00:00:00.0,11488,PENDING_PAYMENT
2963,2013-08-10 00:00:00.0,11804,COMPLETE
2966,2013-08-10 00:00:00.0,2852,PENDING_PAYMENT
