order_item_id,order_item_order_id,order_item_product_id,order_item_quantity,order_item_subtotal,order_item_product_price
101001,40476,627,3,119.97000122070312,39.9900016784668
101002,40476,502,1,50.0,50.0
101003,40477,365,4,239.9600067138672,59.9900016784668
101004,40477,957,1,299.9800109863281,299.9800109863281
101005,40478,627,2,79.9800033569336,39.9900016784668
101006,40478,365,1,59.9900016784668,59.9900016784668
101007,40478,502,3,150.0,50.0
101008,40479,403,1,129.99000549316406,129.99000549316406
101009,40479,365,2,119.9800033569336,59.9900016784668
101010,40479,365,3,179.97000122070312,59.9900016784668
101011,40479,1014,5,249.89999389648438,49.97999954223633
101012,40479,365,3,179.97000122070312,59.9900016784668
101013,40481,957,1,299.9800109863281,299.9800109863281
101014,40481,1014,1,49.97999954223633,49.97999954223633
101015,40481,502,3,150.0,50.0
101016,40481,627,2,79.9800033569336,39.9900016784668
101017,40481,1073,1,199.99000549316406,199.99000549316406
101018,40483,1073,1,199.99000549316406,199.99000549316406
101019,40483,502,5,250.0,50.0
101020,40483,771,3,119.97000122070312,39.9900016784668
101021,40483,1014,1,49.97999954223633,49.97999954223633
101022,40485,502,3,150.0,50.0
101023,40485,403,1,129.99000549316406,129.99000549316406
101024,40485,365,5,299.95001220703125,59.9900016784668
101025,40485,957,1,299.9800109863281,299.9800109863281
101026,40486,1004,1,399.9800109863281,399.9800109863281
101027,40486,957,1,299.9800109863281,299.9800109863281
101028,40486,502,3,150.0,50.0
101029,40486,403,1,129.99000549316406,129.99000549316406
101030,40486,1014,4,199.9199981689453,49.97999954223633
101031,40488,365,1,59.9900016784668,59.9900016784668
101032,40488,365,5,299.95001220703125,59.9900016784668
101033,40488,191,2,199.97999572753906,99.98999786376953
101034,40489,365,3,179.97000122070312,59.9900016784668
101035,40489,191,5,499.95001220703125,99.98999786376953
101036,40489,957,1,299.9800109863281,299.9800109863281
101037,40489,403,1,129.99000549316406,129.99000549316406
101038,40489,365,5,299.95001220703125,59.9900016784668
101039,40490,703,2,39.97999954223633,19.989999771118164
101040,40490,502,5,250.0,50.0
101041,40491,365,2,119.9800033569336,59.9900016784668
101042,40491,1014,2,99.95999908447266,49.97999954223633
101043,40491,502,3,150.0,50.0
101044,40492,191,5,499.95001220703125,99.98999786376953
101045,40493,627,3,119.97000122070312,39.9900016784668
101046,40493,957,1,299.9800109863281,299.9800109863281
101047,40494,1073,1,199.99000549316406,199.99000549316406
101048,40494,1004,1,399.9800109863281,399.9800109863281
101049,40494,1014,1,49.97999954223633,49.97999954223633
101050,40494,804,5,99.94999694824219,19.989999771118164
101051,40494,1004,1,399.9800109863281,399.9800109863281
101052,40495,191,3,299.9700012207031,99.98999786376953
101053,40495,502,2,100.0,50.0
101054,40495,957,1,299.9800109863281,299.9800109863281
101055,40495,627,1,39.9900016784668,39.9900016784668
101056,40495,365,2,119.9800033569336,59.9900016784668
101057,40496,403,1,129.99000549316406,129.99000549316406
101058,40498,1073,1,199.99000549316406,199.99000549316406
101059,40498,1014,5,249.89999389648438,49.97999954223633
101060,40498,1014,4,199.9199981689453,49.97999954223633
101061,40499,365,1,59.9900016784668,59.9900016784668
101062,40499,1014,3,149.94000244140625,49.97999954223633
101063,40499,1004,1,399.9800109863281,399.9800109863281
101064,40501,627,4,159.9600067138672,39.9900016784668
101065,40501,1004,1,399.9800109863281,399.9800109863281
101066,40502,502,1,50.0,50.0
101067,40502,1004,1,399.9800109863281,399.9800109863281
101068,40502,191,2,199.97999572753906,99.98999786376953
101069,40502,502,2,100.0,50.0
101070,40503,1004,1,399.9800109863281,399.9800109863281
101071,40504,365,2,119.9800033569336,59.9900016784668
101072,40504,1014,2,99.95999908447266,49.97999954223633
101073,40504,906,2,49.97999954223633,24.989999771118164
101074,40505,502,1,50.0,50.0
101075,40505,403,1,129.99000549316406,129.99000549316406
101076,40507,627,2,79.9800033569336,39.9900016784668
101077,40507,365,1,59.9900016784668,59.9900016784668
101078,40507,627,3,119.97000122070312,39.9900016784668
101079,40507,1014,3,149.94000244140625,49.97999954223633
101080,40507,1014,3,149.94000244140625,49.97999954223633
101081,40509,191,2,199.97999572753906,99.98999786376953
101082,40510,1014,1,49.97999954223633,49.97999954223633
101083,40510,502,2,100.0,50.0
101084,40510,365,3,179.97000122070312,59.9900016784668
101085,40510,1073,1,199.99000549316406,199.99000549316406
101086,40510,403,1,129.99000549316406,129.99000549316406
101087,40511,403,1,129.99000549316406,129.99000549316406
101088,40511,897,4,99.95999908447266,24.989999771118164
101089,40511,957,1,299.9800109863281,299.9800109863281
101090,40511,1004,1,399.9800109863281,399.9800109863281
101091,40511,502,3,150.0,50.0
101092,40512,191,2,199.97999572753906,99.98999786376953
101093,40512,906,5,124.94999694824219,24.989999771118164
101094,40512,627,1,39.9900016784668,39.9900016784668
101095,40512,957,1,299.9800109863281,299.9800109863281
101096,40514,1004,1,399.9800109863281,399.9800109863281
101097,40517,403,1,129.99000549316406,129.99000549316406
101098,40518,502,3,150.0,50.0
101099,40518,502,3,150.0,50.0
101100,40518,1004,1,399.9800109863281,399.9800109863281
101101,40518,191,5,499.95001220703125,99.98999786376953
101102,40518,502,1,50.0,50.0
101103,40519,835,1,31.989999771118164,31.989999771118164
101104,40521,191,5,499.95001220703125,99.98999786376953
101105,40521,957,1,299.9800109863281,299.9800109863281
101106,40522,403,1,129.99000549316406,129.99000549316406
101107,40524,1073,1,199.99000549316406,199.99000549316406
101108,40524,627,5,199.9499969482422,39.9900016784668
101109,40525,564,5,150.0,30.0
101110,40525,365,3,179.97000122070312,59.9900016784668
101111,40525,502,2,100.0,50.0
101112,40525,191,4,399.9599914550781,99.98999786376953
101113,40526,365,4,239.9600067138672,59.9900016784668
101114,40527,1004,1,399.9800109863281,399.9800109863281
101115,40527,235,1,34.9900016784668,34.9900016784668
101116,40528,957,1,299.9800109863281,299.9800109863281
101117,40528,957,1,299.9800109863281,299.9800109863281
101118,40528,365,3,179.97000122070312,59.9900016784668
101119,40528,957,1,299.9800109863281,299.9800109863281
101120,40529,1004,1,399.9800109863281,399.9800109863281
101121,40529,1073,1,199.99000549316406,199.99000549316406
101122,40529,365,5,299.95001220703125,59.9900016784668
101123,40529,502,1,50.0,50.0
101124,40530,1073,1,199.99000549316406,199.99000549316406
101125,40530,905,4,99.95999908447266,24.989999771118164
101126,40530,365,4,239.9600067138672,59.9900016784668
101127,40531,403,1,129.99000549316406,129.99000549316406
101128,40531,365,3,179.97000122070312,59.9900016784668
101129,40531,502,3,150.0,50.0
101130,40531,1004,1,399.9800109863281,399.9800109863281
101131,40531,1073,1,199.99000549316406,199.99000549316406
101132,40532,403,1,129.99000549316406,129.99000549316406
101133,40533,627,5,199.9499969482422,39.9900016784668
101134,40533,1073,1,199.99000549316406,199.99000549316406
101135,40533,365,3,179.97000122070312,59.9900016784668
101136,40533,1073,1,199.99000549316406,199.99000549316406
101137,40534,957,1,299.9800109863281,299.9800109863281
101138,40534,1073,1,199.99000549316406,199.99000549316406
101139,40534,1014,1,49.97999954223633,49.97999954223633
101140,40534,957,1,299.9800109863281,299.9800109863281
101141,40534,191,3,299.9700012207031,99.98999786376953
101142,40535,191,5,499.95001220703125,99.98999786376953
101143,40535,1004,1,399.9800109863281,399.9800109863281
101144,40535,627,1,39.9900016784668,39.9900016784668
101145,40535,1014,3,149.94000244140625,49.97999954223633
101146,40535,1004,1,399.9800109863281,399.9800109863281
101147,40538,1073,1,199.99000549316406,199.99000549316406
101148,40538,403,1,129.99000549316406,129.99000549316406
101149,40538,1073,1,199.99000549316406,199.99000549316406
101150,40538,502,2,100.0,50.0
101151,40540,957,1,299.9800109863281,299.9800109863281
101152,40541,502,4,200.0,50.0
101153,40541,1014,1,49.97999954223633,49.97999954223633
101154,40541,365,2,119.9800033569336,59.9900016784668
101155,40542,771,1,39.9900016784668,39.9900016784668
101156,40542,1014,3,149.94000244140625,49.97999954223633
101157,40544,365,1,59.9900016784668,59.9900016784668
101158,40544,365,5,299.95001220703125,59.9900016784668
101159,40544,1004,1,399.9800109863281,399.9800109863281
101160,40545,1014,4,199.9199981689453,49.97999954223633
101161,40545,1073,1,199.99000549316406,199.99000549316406
101162,40546,403,1,129.99000549316406,129.99000549316406
101163,40546,1073,1,199.99000549316406,199.99000549316406
101164,40546,1004,1,399.9800109863281,399.9800109863281
101165,40546,191,3,299.9700012207031,99.98999786376953
101166,40547,1073,1,199.99000549316406,199.99000549316406
101167,40547,403,1,129.99000549316406,129.99000549316406
101168,40549,1004,1,399.9800109863281,399.9800109863281
101169,40549,502,3,150.0,50.0
101170,40549,1073,1,199.99000549316406,199.99000549316406
101171,40549,403,1,129.99000549316406,129.99000549316406
101172,40550,403,1,129.99000549316406,129.99000549316406
101173,40551,1014,2,99.95999908447266,49.97999954223633
101174,40551,627,2,79.9800033569336,39.9900016784668
101175,40551,365,5,299.95001220703125,59.9900016784668
101176,40551,627,3,119.97000122070312,39.9900016784668
101177,40551,502,4,200.0,50.0
101178,40552,957,1,299.9800109863281,299.9800109863281
101179,40552,365,4,239.9600067138672,59.9900016784668
101180,40552,365,5,299.95001220703125,59.9900016784668
101181,40552,365,3,179.97000122070312,59.9900016784668
101182,40553,957,1,299.9800109863281,299.9800109863281
101183,40553,502,3,150.0,50.0
101184,40553,1014,1,49.97999954223633,49.97999954223633
101185,40555,191,3,299.9700012207031,99.98999786376953
101186,40555,403,1,129.99000549316406,129.99000549316406
101187,40555,627,2,79.9800033569336,39.9900016784668
101188,40557,627,5,199.9499969482422,39.9900016784668
101189,40557,502,4,200.0,50.0
101190,40557,502,1,50.0,50.0
101191,40557,502,2,100.0,50.0
101192,40558,365,1,59.9900016784668,59.9900016784668
101193,40559,1004,1,399.9800109863281,399.9800109863281
101194,40559,365,3,179.97000122070312,59.9900016784668
101195,40559,1004,1,399.9800109863281,399.9800109863281
101196,40559,502,1,50.0,50.0
101197,40560,957,1,299.9800109863281,299.9800109863281
101198,40560,957,1,299.9800109863281,299.9800109863281
101199,40560,627,5,199.9499969482422,39.9900016784668
101200,40561,365,5,299.95001220703125,59.9900016784668
101201,40561,502,4,200.0,50.0
101202,40562,403,1,129.99000549316406,129.99000549316406
101203,40562,502,2,100.0,50.0
101204,40563,191,1,99.98999786376953,99.98999786376953
101205,40563,924,1,15.989999771118164,15.989999771118164
101206,40564,502,4,200.0,50.0
101207,40564,1073,1,199.99000549316406,199.99000549316406
101208,40564,502,4,200.0,50.0
101209,40564,365,5,299.95001220703125,59.9900016784668
101210,40564,1073,1,199.99000549316406,199.99000549316406
101211,40565,1014,1,49.97999954223633,49.97999954223633
101212,40566,365,5,299.95001220703125,59.9900016784668
101213,40566,1014,2,99.95999908447266,49.97999954223633
101214,40567,957,1,299.9800109863281,299.9800109863281
101215,40567,1004,1,399.9800109863281,399.9800109863281
101216,40567,403,1,129.99000549316406,129.99000549316406
101217,40567,703,1,19.989999771118164,19.989999771118164
101218,40569,1014,5,249.89999389648438,49.97999954223633
101219,40569,365,1,59.9900016784668,59.9900016784668
101220,40570,502,4,200.0,50.0
101221,40571,191,2,199.97999572753906,99.98999786376953
101222,40571,1014,3,149.94000244140625,49.97999954223633
101223,40571,502,4,200.0,50.0
101224,40573,1014,5,249.89999389648438,49.97999954223633
101225,40574,1014,4,199.9199981689453,49.97999954223633
101226,40574,564,3,90.0,30.0
101227,40574,957,1,299.9800109863281,299.9800109863281
101228,40575,403,1,129.99000549316406,129.99000549316406
101229,40575,1073,1,199.99000549316406,199.99000549316406
101230,40575,1073,1,199.99000549316406,199.99000549316406
101231,40575,502,1,50.0,50.0
101232,40575,564,4,120.0,30.0
101233,40578,191,2,199.97999572753906,99.98999786376953
101234,40579,1073,1,199.99000549316406,199.99000549316406
101235,40579,957,1,299.9800109863281,299.9800109863281
101236,40579,191,3,299.9700012207031,99.98999786376953
101237,40580,365,1,59.9900016784668,59.9900016784668
101238,40580,502,1,50.0,50.0
101239,40580,403,1,129.99000549316406,129.99000549316406
101240,40580,365,5,299.95001220703125,59.9900016784668
101241,40580,365,2,119.9800033569336,59.9900016784668
101242,40581,1004,1,399.9800109863281,399.9800109863281
101243,40581,403,1,129.99000549316406,129.99000549316406
101244,40582,1014,5,249.89999389648438,49.97999954223633
101245,40582,502,3,150.0,50.0
101246,40582,957,1,299.9800109863281,299.9800109863281
101247,40582,1004,1,399.9800109863281,399.9800109863281
101248,40582,403,1,129.99000549316406,129.99000549316406
101249,40584,403,1,129.99000549316406,129.99000549316406
101250,40584,1073,1,199.99000549316406,199.99000549316406
101251,40585,1004,1,399.9800109863281,399.9800109863281
101252,40585,365,2,119.9800033569336,59.9900016784668
101253,40585,365,2,119.9800033569336,59.9900016784668
101254,40585,172,2,60.0,30.0
101255,40589,1014,1,49.97999954223633,49.97999954223633
101256,40591,1004,1,399.9800109863281,399.9800109863281
101257,40591,627,5,199.9499969482422,39.9900016784668
101258,40591,403,1,129.99000549316406,129.99000549316406
101259,40591,191,1,99.98999786376953,99.98999786376953
101260,40591,1014,2,99.95999908447266,49.97999954223633
101261,40592,191,1,99.98999786376953,99.98999786376953
101262,40592,403,1,129.99000549316406,129.99000549316406
101263,40592,1014,3,149.94000244140625,49.97999954223633
101264,40592,1073,1,199.99000549316406,199.99000549316406
101265,40593,627,3,119.97000122070312,39.9900016784668
101266,40593,403,1,129.99000549316406,129.99000549316406
101267,40593,1014,4,199.9199981689453,49.97999954223633
101268,40593,886,3,74.97000122070312,24.989999771118164
101269,40594,1004,1,399.9800109863281,399.9800109863281
101270,40594,1004,1,399.9800109863281,399.9800109863281
101271,40594,365,1,59.9900016784668,59.9900016784668
101272,40594,1004,1,399.9800109863281,399.9800109863281
101273,40594,365,5,299.95001220703125,59.9900016784668
101274,40596,403,1,129.99000549316406,129.99000549316406
101275,40596,572,1,39.9900016784668,39.9900016784668
101276,40596,1014,5,249.89999389648438,49.97999954223633
101277,40597,565,1,70.0,70.0
101278,40598,1004,1,399.9800109863281,399.9800109863281
101279,40598,1073,1,199.99000549316406,199.99000549316406
101280,40598,403,1,129.99000549316406,129.99000549316406
101281,40598,403,1,129.99000549316406,129.99000549316406
101282,40599,403,1,129.99000549316406,129.99000549316406
101283,40599,403,1,129.99000549316406,129.99000549316406
101284,40599,403,1,129.99000549316406,129.99000549316406
101285,40599,403,1,129.99000549316406,129.99000549316406
101286,40599,1073,1,199.99000549316406,199.99000549316406
101287,40600,627,3,119.97000122070312,39.9900016784668
101288,40600,365,4,239.9600067138672,59.9900016784668
101289,40600,191,3,299.9700012207031,99.98999786376953
101290,40600,1073,1,199.99000549316406,199.99000549316406
101291,40601,1004,1,399.9800109863281,399.9800109863281
101292,40602,1004,1,399.9800109863281,399.9800109863281
101293,40602,627,3,119.97000122070312,39.9900016784668
101294,40602,365,3,179.97000122070312,59.9900016784668
101295,40602,403,1,129.99000549316406,129.99000549316406
101296,40602,957,1,299.9800109863281,299.9800109863281
101297,40603,403,1,129.99000549316406,129.99000549316406
101298,40603,1004,1,399.9800109863281,399.9800109863281
101299,40603,1073,1,199.99000549316406,199.99000549316406
101300,40604,1073,1,199.99000549316406,199.99000549316406
101301,40604,403,1,129.99000549316406,129.99000549316406
101302,40605,1073,1,199.99000549316406,199.99000549316406
101303,40607,403,1,129.99000549316406,129.99000549316406
101304,40607,502,3,150.0,50.0
101305,40607,627,5,199.9499969482422,39.9900016784668
101306,40607,403,1,129.99000549316406,129.99000549316406
101307,40607,957,1,299.9800109863281,299.9800109863281
101308,40608,191,4,399.9599914550781,99.98999786376953
101309,40609,957,1,299.9800109863281,299.9800109863281
101310,40609,502,2,100.0,50.0
101311,40609,917,1,21.989999771118164,21.989999771118164
101312,40610,804,1,19.989999771118164,19.989999771118164
101313,40610,1073,1,199.99000549316406,199.99000549316406
101314,40610,403,1,129.99000549316406,129.99000549316406
101315,40611,403,1,129.99000549316406,129.99000549316406
101316,40612,627,4,159.9600067138672,39.9900016784668
101317,40612,191,1,99.98999786376953,99.98999786376953
101318,40613,365,3,179.97000122070312,59.9900016784668
101319,40614,703,5,99.94999694824219,19.989999771118164
101320,40614,1004,1,399.9800109863281,399.9800109863281
101321,40614,1073,1,199.99000549316406,199.99000549316406
101322,40614,1004,1,399.9800109863281,399.9800109863281
101323,40614,365,5,299.95001220703125,59.9900016784668
101324,40615,1004,1,399.9800109863281,399.9800109863281
101325,40615,1004,1,399.9800109863281,399.9800109863281
101326,40615,502,3,150.0,50.0
101327,40615,502,2,100.0,50.0
101328,40616,191,1,99.98999786376953,99.98999786376953
101329,40616,822,5,239.9499969482422,47.9900016784668
101330,40616,365,5,299.95001220703125,59.9900016784668
101331,40617,1014,5,249.89999389648438,49.97999954223633
101332,40617,365,5,299.95001220703125,59.9900016784668
101333,40618,1004,1,399.9800109863281,399.9800109863281
101334,40618,1073,1,199.99000549316406,199.99000549316406
101335,40618,502,1,50.0,50.0
101336,40619,1014,4,199.9199981689453,49.97999954223633
101337,40619,627,1,39.9900016784668,39.9900016784668
101338,40620,365,4,239.9600067138672,59.9900016784668
101339,40620,403,1,129.99000549316406,129.99000549316406
101340,40621,1004,1,399.9800109863281,399.9800109863281
101341,40621,1014,4,199.9199981689453,49.97999954223633
101342,40621,403,1,129.99000549316406,129.99000549316406
101343,40621,1004,1,399.9800109863281,399.9800109863281
101344,40621,365,3,179.97000122070312,59.9900016784668
101345,40622,1014,2,99.95999908447266,49.97999954223633
101346,40622,1073,1,199.99000549316406,199.99000549316406
101347,40622,567,5,125.0,25.0
101348,40622,403,1,129.99000549316406,129.99000549316406
101349,40623,957,1,299.9800109863281,299.9800109863281
101350,40623,778,4,99.95999908447266,24.989999771118164
101351,40623,957,1,299.9800109863281,299.9800109863281
101352,40623,502,1,50.0,50.0
101353,40623,1004,1,399.9800109863281,399.9800109863281
101354,40624,627,5,199.9499969482422,39.9900016784668
101355,40624,810,5,99.94999694824219,19.989999771118164
101356,40624,365,5,299.95001220703125,59.9900016784668
101357,40624,403,1,129.99000549316406,129.99000549316406
101358,40624,403,1,129.99000549316406,129.99000549316406
101359,40625,828,2,63.97999954223633,31.989999771118164
101360,40625,365,2,119.9800033569336,59.9900016784668
101361,40625,365,1,59.9900016784668,59.9900016784668
101362,40625,502,4,200.0,50.0
101363,40626,403,1,129.99000549316406,129.99000549316406
101364,40626,1073,1,199.99000549316406,199.99000549316406
101365,40626,365,4,239.9600067138672,59.9900016784668
101366,40627,1004,1,399.9800109863281,399.9800109863281
101367,40628,365,1,59.9900016784668,59.9900016784668
101368,40628,835,2,63.97999954223633,31.989999771118164
101369,40628,1073,1,199.99000549316406,199.99000549316406
101370,40628,502,3,150.0,50.0
101371,40628,1004,1,399.9800109863281,399.9800109863281
101372,40631,403,1,129.99000549316406,129.99000549316406
101373,40631,1004,1,399.9800109863281,399.9800109863281
101374,40631,365,3,179.97000122070312,59.9900016784668
101375,40631,502,2,100.0,50.0
101376,40631,771,4,159.9600067138672,39.9900016784668
101377,40632,957,1,299.9800109863281,299.9800109863281
101378,40632,502,2,100.0,50.0
101379,40632,365,1,59.9900016784668,59.9900016784668
101380,40632,1014,1,49.97999954223633,49.97999954223633
101381,40632,403,1,129.99000549316406,129.99000549316406
101382,40633,191,5,499.95001220703125,99.98999786376953
101383,40633,957,1,299.9800109863281,299.9800109863281
101384,40634,191,1,99.98999786376953,99.98999786376953
101385,40634,1073,1,199.99000549316406,199.99000549316406
101386,40634,1073,1,199.99000549316406,199.99000549316406
101387,40634,977,4,119.95999908447266,29.989999771118164
101388,40634,191,5,499.95001220703125,99.98999786376953
101389,40635,627,2,79.9800033569336,39.9900016784668
101390,40635,191,4,399.9599914550781,99.98999786376953
101391,40635,828,4,127.95999908447266,31.989999771118164
101392,40635,793,3,44.970001220703125,14.989999771118164
101393,40636,403,1,129.99000549316406,129.99000549316406
101394,40636,365,2,119.9800033569336,59.9900016784668
101395,40636,1004,1,399.9800109863281,399.9800109863281
101396,40636,403,1,129.99000549316406,129.99000549316406
101397,40636,1073,1,199.99000549316406,199.99000549316406
101398,40637,1073,1,199.99000549316406,199.99000549316406
101399,40637,403,1,129.99000549316406,129.99000549316406
101400,40637,502,4,200.0,50.0
101401,40637,793,1,14.989999771118164,14.989999771118164
101402,40637,957,1,299.9800109863281,299.9800109863281
101403,40638,1004,1,399.9800109863281,399.9800109863281
101404,40639,1004,1,399.9800109863281,399.9800109863281
101405,40640,957,1,299.9800109863281,299.9800109863281
101406,40642,191,4,399.9599914550781,99.98999786376953
101407,40642,1014,2,99.95999908447266,49.97999954223633
101408,40643,1014,4,199.9199981689453,49.97999954223633
101409,40643,365,5,299.95001220703125,59.9900016784668
101410,40643,1004,1,399.9800109863281,399.9800109863281
101411,40644,191,2,199.97999572753906,99.98999786376953
101412,40645,502,5,250.0,50.0
101413,40647,502,5,250.0,50.0
101414,40647,1073,1,199.99000549316406,199.99000549316406
101415,40647,403,1,129.99000549316406,129.99000549316406
101416,40647,823,4,207.9600067138672,51.9900016784668
101417,40648,502,2,100.0,50.0
101418,40648,365,5,299.95001220703125,59.9900016784668
101419,40649,191,1,99.98999786376953,99.98999786376953
101420,40649,365,2,119.9800033569336,59.9900016784668
101421,40649,627,4,159.9600067138672,39.9900016784668
101422,40649,957,1,299.9800109863281,299.9800109863281
101423,40649,365,3,179.97000122070312,59.9900016784668
101424,40650,365,4,239.9600067138672,59.9900016784668
101425,40652,627,2,79.9800033569336,39.9900016784668
101426,40652,1073,1,199.99000549316406,199.99000549316406
101427,40652,502,2,100.0,50.0
101428,40652,1004,1,399.9800109863281,399.9800109863281
101429,40652,502,4,200.0,50.0
101430,40653,1004,1,399.9800109863281,399.9800109863281
101431,40653,627,4,159.9600067138672,39.9900016784668
101432,40654,502,2,100.0,50.0
101433,40654,403,1,129.99000549316406,129.99000549316406
101434,40654,502,1,50.0,50.0
101435,40654,191,5,499.95001220703125,99.98999786376953
101436,40654,728,4,260.0,65.0
101437,40655,403,1,129.99000549316406,129.99000549316406
101438,40655,403,1,129.99000549316406,129.99000549316406
101439,40655,1014,2,99.95999908447266,49.97999954223633
101440,40655,403,1,129.99000549316406,129.99000549316406
101441,40656,957,1,299.9800109863281,299.9800109863281
101442,40656,403,1,129.99000549316406,129.99000549316406
101443,40656,1073,1,199.99000549316406,199.99000549316406
101444,40657,365,2,119.9800033569336,59.9900016784668
101445,40657,627,1,39.9900016784668,39.9900016784668
101446,40657,957,1,299.9800109863281,299.9800109863281
101447,40657,365,1,59.9900016784668,59.9900016784668
101448,40658,365,4,239.9600067138672,59.9900016784668
101449,40658,191,1,99.98999786376953,99.98999786376953
101450,40658,627,1,39.9900016784668,39.9900016784668
101451,40658,403,1,129.99000549316406,129.99000549316406
101452,40658,957,1,299.9800109863281,299.9800109863281
101453,40660,1073,1,199.99000549316406,199.99000549316406
101454,40660,502,3,150.0,50.0
101455,40660,191,4,399.9599914550781,99.98999786376953
101456,40660,1014,4,199.9199981689453,49.97999954223633
101457,40661,897,3,74.97000122070312,24.989999771118164
101458,40662,403,1,129.99000549316406,129.99000549316406
101459,40664,828,3,95.97000122070312,31.989999771118164
101460,40664,502,5,250.0,50.0
101461,40664,1073,1,199.99000549316406,199.99000549316406
101462,40665,191,1,99.98999786376953,99.98999786376953
101463,40666,1073,1,199.99000549316406,199.99000549316406
101464,40666,778,5,124.94999694824219,24.989999771118164
101465,40666,403,1,129.99000549316406,129.99000549316406
101466,40666,1014,1,49.97999954223633,49.97999954223633
101467,40666,627,2,79.9800033569336,39.9900016784668
101468,40667,502,4,200.0,50.0
101469,40667,957,1,299.9800109863281,299.9800109863281
101470,40667,502,5,250.0,50.0
101471,40668,1073,1,199.99000549316406,199.99000549316406
101472,40668,1014,3,149.94000244140625,49.97999954223633
101473,40668,1004,1,399.9800109863281,399.9800109863281
101474,40668,403,1,129.99000549316406,129.99000549316406
101475,40670,1004,1,399.9800109863281,399.9800109863281
101476,40670,502,1,50.0,50.0
101477,40671,703,3,59.970001220703125,19.989999771118164
101478,40671,1073,1,199.99000549316406,199.99000549316406
101479,40672,1014,1,49.97999954223633,49.97999954223633
101480,40672,191,4,399.9599914550781,99.98999786376953
101481,40672,1004,1,399.9800109863281,399.9800109863281
101482,40672,957,1,299.9800109863281,299.9800109863281
101483,40674,1014,3,149.94000244140625,49.97999954223633
101484,40675,365,1,59.9900016784668,59.9900016784668
101485,40675,365,1,59.9900016784668,59.9900016784668
101486,40676,502,1,50.0,50.0
101487,40676,1004,1,399.9800109863281,399.9800109863281
101488,40676,977,3,89.97000122070312,29.989999771118164
101489,40676,1014,2,99.95999908447266,49.97999954223633
101490,40676,1004,1,399.9800109863281,399.9800109863281
101491,40677,502,1,50.0,50.0
101492,40678,365,1,59.9900016784668,59.9900016784668
101493,40678,502,3,150.0,50.0
101494,40679,627,4,159.9600067138672,39.9900016784668
101495,40680,365,1,59.9900016784668,59.9900016784668
101496,40680,1004,1,399.9800109863281,399.9800109863281
101497,40680,502,2,100.0,50.0
101498,40681,627,2,79.9800033569336,39.9900016784668
101499,40683,276,5,159.9499969482422,31.989999771118164
101500,40683,365,5,299.95001220703125,59.9900016784668
101501,40683,403,1,129.99000549316406,129.99000549316406
101502,40684,1004,1,399.9800109863281,399.9800109863281
101503,40684,1004,1,399.9800109863281,399.9800109863281
101504,40684,1073,1,199.99000549316406,199.99000549316406
101505,40684,957,1,299.9800109863281,299.9800109863281
101506,40686,365,2,119.9800033569336,59.9900016784668
101507,40686,365,1,59.9900016784668,59.9900016784668
101508,40687,957,1,299.9800109863281,299.9800109863281
101509,40687,957,1,299.9800109863281,299.9800109863281
101510,40688,1014,3,149.94000244140625,49.97999954223633
101511,40689,1014,2,99.95999908447266,49.97999954223633
101512,40690,403,1,129.99000549316406,129.99000549316406
101513,40690,403,1,129.99000549316406,129.99000549316406
101514,40690,977,5,149.9499969482422,29.989999771118164
101515,40690,502,5,250.0,50.0
101516,40690,403,1,129.99000549316406,129.99000549316406
101517,40691,403,1,129.99000549316406,129.99000549316406
101518,40693,564,1,30.0,30.0
101519,40693,403,1,129.99000549316406,129.99000549316406
101520,40694,1073,1,199.99000549316406,199.99000549316406
101521,40694,1014,4,199.9199981689453,49.97999954223633
101522,40694,1014,5,249.89999389648438,49.97999954223633
101523,40694,191,4,399.9599914550781,99.98999786376953
101524,40694,627,2,79.9800033569336,39.9900016784668
101525,40695,502,3,150.0,50.0
101526,40695,191,4,399.9599914550781,99.98999786376953
101527,40695,1014,2,99.95999908447266,49.97999954223633
101528,40696,957,1,299.9800109863281,299.9800109863281
101529,40696,1073,1,199.99000549316406,199.99000549316406
101530,40696,502,1,50.0,50.0
101531,40696,957,1,299.9800109863281,299.9800109863281
101532,40696,191,3,299.9700012207031,99.98999786376953
101533,40697,191,1,99.98999786376953,99.98999786376953
101534,40697,502,1,50.0,50.0
101535,40697,1014,3,149.94000244140625,49.97999954223633
101536,40698,1004,1,399.9800109863281,399.9800109863281
101537,40699,1014,5,249.89999389648438,49.97999954223633
101538,40700,1014,2,99.95999908447266,49.97999954223633
101539,40701,403,1,129.99000549316406,129.99000549316406
101540,40701,365,1,59.9900016784668,59.9900016784668
101541,40701,825,4,127.95999908447266,31.989999771118164
101542,40701,957,1,299.9800109863281,299.9800109863281
101543,40701,502,2,100.0,50.0
101544,40702,403,1,129.99000549316406,129.99000549316406
101545,40702,1073,1,199.99000549316406,199.99000549316406
101546,40702,957,1,299.9800109863281,299.9800109863281
101547,40702,502,4,200.0,50.0
101548,40702,771,2,79.9800033569336,39.9900016784668
101549,40703,1073,1,199.99000549316406,199.99000549316406
101550,40703,1004,1,399.9800109863281,399.9800109863281
101551,40704,1073,1,199.99000549316406,199.99000549316406
101552,40704,403,1,129.99000549316406,129.99000549316406
101553,40705,365,3,179.97000122070312,59.9900016784668
101554,40705,1014,1,49.97999954223633,49.97999954223633
101555,40706,703,4,79.95999908447266,19.989999771118164
101556,40707,502,5,250.0,50.0
101557,40708,403,1,129.99000549316406,129.99000549316406
101558,40710,1014,2,99.95999908447266,49.97999954223633
101559,40710,365,5,299.95001220703125,59.9900016784668
101560,40710,627,4,159.9600067138672,39.9900016784668
101561,40710,957,1,299.9800109863281,299.9800109863281
101562,40710,191,4,399.9599914550781,99.98999786376953
101563,40711,1073,1,199.99000549316406,199.99000549316406
101564,40711,1004,1,399.9800109863281,399.9800109863281
101565,40712,365,2,119.9800033569336,59.9900016784668
101566,40712,403,1,129.99000549316406,129.99000549316406
101567,40713,365,4,239.9600067138672,59.9900016784668
101568,40713,1004,1,399.9800109863281,399.9800109863281
101569,40713,1073,1,199.99000549316406,199.99000549316406
101570,40713,502,2,100.0,50.0
101571,40713,1073,1,199.99000549316406,199.99000549316406
101572,40714,1073,1,199.99000549316406,199.99000549316406
101573,40715,365,1,59.9900016784668,59.9900016784668
101574,40715,365,3,179.97000122070312,59.9900016784668
101575,40715,191,1,99.98999786376953,99.98999786376953
101576,40716,191,5,499.95001220703125,99.98999786376953
101577,40716,957,1,299.9800109863281,299.9800109863281
101578,40717,403,1,129.99000549316406,129.99000549316406
101579,40717,957,1,299.9800109863281,299.9800109863281
101580,40717,1014,1,49.97999954223633,49.97999954223633
101581,40718,957,1,299.9800109863281,299.9800109863281
101582,40718,502,1,50.0,50.0
101583,40718,1004,1,399.9800109863281,399.9800109863281
101584,40719,957,1,299.9800109863281,299.9800109863281
101585,40719,957,1,299.9800109863281,299.9800109863281
101586,40720,1004,1,399.9800109863281,399.9800109863281
101587,40720,365,3,179.97000122070312,59.9900016784668
101588,40720,93,5,124.94999694824219,24.989999771118164
101589,40720,627,5,199.9499969482422,39.9900016784668
101590,40721,403,1,129.99000549316406,129.99000549316406
101591,40721,191,1,99.98999786376953,99.98999786376953
101592,40722,1073,1,199.99000549316406,199.99000549316406
101593,40722,282,5,159.9499969482422,31.989999771118164
101594,40722,1014,3,149.94000244140625,49.97999954223633
101595,40723,403,1,129.99000549316406,129.99000549316406
101596,40723,365,5,299.95001220703125,59.9900016784668
101597,40723,1073,1,199.99000549316406,199.99000549316406
101598,40723,502,3,150.0,50.0
101599,40723,1004,1,399.9800109863281,399.9800109863281
101600,40724,502,1,50.0,50.0
101601,40724,957,1,299.9800109863281,299.9800109863281
101602,40725,403,1,129.99000549316406,129.99000549316406
101603,40726,572,4,159.9600067138672,39.9900016784668
101604,40726,627,4,159.9600067138672,39.9900016784668
101605,40726,403,1,129.99000549316406,129.99000549316406
101606,40726,957,1,299.9800109863281,299.9800109863281
101607,40727,1073,1,199.99000549316406,199.99000549316406
101608,40727,810,1,19.989999771118164,19.989999771118164
101609,40727,572,4,159.9600067138672,39.9900016784668
101610,40728,1014,4,199.9199981689453,49.97999954223633
101611,40728,502,3,150.0,50.0
101612,40728,1073,1,199.99000549316406,199.99000549316406
101613,40730,957,1,299.9800109863281,299.9800109863281
101614,40730,924,4,63.959999084472656,15.989999771118164
101615,40730,1014,2,99.95999908447266,49.97999954223633
101616,40730,1014,2,99.95999908447266,49.97999954223633
101617,40731,1014,4,199.9199981689453,49.97999954223633
101618,40731,1004,1,399.9800109863281,399.9800109863281
101619,40732,502,1,50.0,50.0
101620,40732,1014,1,49.97999954223633,49.97999954223633
101621,40732,1073,1,199.99000549316406,199.99000549316406
101622,40732,403,1,129.99000549316406,129.99000549316406
101623,40732,365,3,179.97000122070312,59.9900016784668
101624,40733,1073,1,199.99000549316406,199.99000549316406
101625,40733,1073,1,199.99000549316406,199.99000549316406
101626,40733,502,1,50.0,50.0
101627,40734,957,1,299.9800109863281,299.9800109863281
101628,40734,403,1,129.99000549316406,129.99000549316406
101629,40734,1073,1,199.99000549316406,199.99000549316406
101630,40734,502,1,50.0,50.0
101631,40734,1004,1,399.9800109863281,399.9800109863281
101632,40735,1014,1,49.97999954223633,49.97999954223633
101633,40735,1004,1,399.9800109863281,399.9800109863281
101634,40735,1014,2,99.95999908447266,49.97999954223633
101635,40736,502,1,50.0,50.0
101636,40736,957,1,299.9800109863281,299.9800109863281
101637,40736,403,1,129.99000549316406,129.99000549316406
101638,40736,821,2,103.9800033569336,51.9900016784668
101639,40736,957,1,299.9800109863281,299.9800109863281
101640,40737,365,2,119.9800033569336,59.9900016784668
101641,40737,502,5,250.0,50.0
101642,40737,365,5,299.95001220703125,59.9900016784668
101643,40737,957,1,299.9800109863281,299.9800109863281
101644,40737,365,5,299.95001220703125,59.9900016784668
101645,40738,134,1,25.0,25.0
101646,40740,403,1,129.99000549316406,129.99000549316406
101647,40740,1004,1,399.9800109863281,399.9800109863281
101648,40740,1014,4,199.9199981689453,49.97999954223633
101649,40740,957,1,299.9800109863281,299.9800109863281
101650,40740,627,5,199.9499969482422,39.9900016784668
101651,40741,191,2,199.97999572753906,99.98999786376953
101652,40741,1014,4,199.9199981689453,49.97999954223633
101653,40741,365,3,179.97000122070312,59.9900016784668
101654,40741,627,2,79.9800033569336,39.9900016784668
101655,40741,365,2,119.9800033569336,59.9900016784668
101656,40742,957,1,299.9800109863281,299.9800109863281
101657,40742,403,1,129.99000549316406,129.99000549316406
101658,40742,191,1,99.98999786376953,99.98999786376953
101659,40742,793,4,59.959999084472656,14.989999771118164
101660,40742,627,5,199.9499969482422,39.9900016784668
101661,40743,365,1,59.9900016784668,59.9900016784668
101662,40743,1014,3,149.94000244140625,49.97999954223633
101663,40744,502,5,250.0,50.0
101664,40744,1004,1,399.9800109863281,399.9800109863281
101665,40746,627,5,199.9499969482422,39.9900016784668
101666,40746,1073,1,199.99000549316406,199.99000549316406
101667,40746,502,4,200.0,50.0
101668,40746,365,4,239.9600067138672,59.9900016784668
101669,40746,1073,1,199.99000549316406,199.99000549316406
101670,40747,365,3,179.97000122070312,59.9900016784668
101671,40747,365,3,179.97000122070312,59.9900016784668
101672,40748,365,1,59.9900016784668,59.9900016784668
101673,40749,365,4,239.9600067138672,59.9900016784668
101674,40749,627,5,199.9499969482422,39.9900016784668
101675,40749,365,3,179.97000122070312,59.9900016784668
101676,40749,365,1,59.9900016784668,59.9900016784668
101677,40751,365,3,179.97000122070312,59.9900016784668
101678,40751,957,1,299.9800109863281,299.9800109863281
101679,40752,1004,1,399.9800109863281,399.9800109863281
101680,40752,191,2,199.97999572753906,99.98999786376953
101681,40753,1073,1,199.99000549316406,199.99000549316406
101682,40753,502,5,250.0,50.0
101683,40753,403,1,129.99000549316406,129.99000549316406
101684,40753,957,1,299.9800109863281,299.9800109863281
101685,40753,403,1,129.99000549316406,129.99000549316406
101686,40754,502,5,250.0,50.0
101687,40754,1014,4,199.9199981689453,49.97999954223633
101688,40754,1014,2,99.95999908447266,49.97999954223633
101689,40755,365,2,119.9800033569336,59.9900016784668
101690,40755,1014,3,149.94000244140625,49.97999954223633
101691,40755,502,1,50.0,50.0
101692,40755,403,1,129.99000549316406,129.99000549316406
101693,40755,627,4,159.9600067138672,39.9900016784668
101694,40756,1073,1,199.99000549316406,199.99000549316406
101695,40756,957,1,299.9800109863281,299.9800109863281
101696,40757,191,5,499.95001220703125,99.98999786376953
101697,40757,502,5,250.0,50.0
101698,40757,365,5,299.95001220703125,59.9900016784668
101699,40757,627,3,119.97000122070312,39.9900016784668
101700,40757,642,4,120.0,30.0
101701,40758,403,1,129.99000549316406,129.99000549316406
101702,40758,365,4,239.9600067138672,59.9900016784668
101703,40758,365,3,179.97000122070312,59.9900016784668
101704,40758,403,1,129.99000549316406,129.99000549316406
101705,40758,627,2,79.9800033569336,39.9900016784668
101706,40759,403,1,129.99000549316406,129.99000549316406
101707,40759,502,5,250.0,50.0
101708,40759,134,2,50.0,25.0
101709,40759,627,1,39.9900016784668,39.9900016784668
101710,40760,822,5,239.9499969482422,47.9900016784668
101711,40760,191,2,199.97999572753906,99.98999786376953
101712,40761,1004,1,399.9800109863281,399.9800109863281
101713,40762,502,3,150.0,50.0
101714,40762,365,4,239.9600067138672,59.9900016784668
101715,40762,403,1,129.99000549316406,129.99000549316406
101716,40762,1004,1,399.9800109863281,399.9800109863281
101717,40763,502,3,150.0,50.0
101718,40763,957,1,299.9800109863281,299.9800109863281
101719,40763,365,1,59.9900016784668,59.9900016784668
101720,40763,502,3,150.0,50.0
101721,40764,403,1,129.99000549316406,129.99000549316406
101722,40764,502,1,50.0,50.0
101723,40765,1004,1,399.9800109863281,399.9800109863281
101724,40765,365,5,299.95001220703125,59.9900016784668
101725,40765,365,2,119.9800033569336,59.9900016784668
101726,40766,502,5,250.0,50.0
101727,40766,627,5,199.9499969482422,39.9900016784668
101728,40767,1014,4,199.9199981689453,49.97999954223633
101729,40767,502,4,200.0,50.0
101730,40767,957,1,299.9800109863281,299.9800109863281
101731,40767,1014,1,49.97999954223633,49.97999954223633
101732,40767,1004,1,399.9800109863281,399.9800109863281
101733,40768,1073,1,199.99000549316406,199.99000549316406
101734,40768,1014,5,249.89999389648438,49.97999954223633
101735,40768,191,1,99.98999786376953,99.98999786376953
101736,40768,1004,1,399.9800109863281,399.9800109863281
101737,40768,1004,1,399.9800109863281,399.9800109863281
101738,40769,403,1,129.99000549316406,129.99000549316406
101739,40769,1014,1,49.97999954223633,49.97999954223633
101740,40769,1014,1,49.97999954223633,49.97999954223633
101741,40771,365,2,119.9800033569336,59.9900016784668
101742,40771,403,1,129.99000549316406,129.99000549316406
101743,40771,93,2,49.97999954223633,24.989999771118164
101744,40771,502,3,150.0,50.0
101745,40771,403,1,129.99000549316406,129.99000549316406
101746,40772,403,1,129.99000549316406,129.99000549316406
101747,40772,282,1,31.989999771118164,31.989999771118164
101748,40772,1004,1,399.9800109863281,399.9800109863281
101749,40774,835,5,159.9499969482422,31.989999771118164
101750,40774,565,2,140.0,70.0
101751,40774,135,1,22.0,22.0
101752,40774,365,4,239.9600067138672,59.9900016784668
101753,40774,502,1,50.0,50.0
101754,40775,1014,3,149.94000244140625,49.97999954223633
101755,40775,403,1,129.99000549316406,129.99000549316406
101756,40775,502,2,100.0,50.0
101757,40775,957,1,299.9800109863281,299.9800109863281
101758,40776,365,5,299.95001220703125,59.9900016784668
101759,40776,957,1,299.9800109863281,299.9800109863281
101760,40776,403,1,129.99000549316406,129.99000549316406
101761,40776,957,1,299.9800109863281,299.9800109863281
101762,40777,403,1,129.99000549316406,129.99000549316406
101763,40777,1073,1,199.99000549316406,199.99000549316406
101764,40777,502,2,100.0,50.0
101765,40777,1004,1,399.9800109863281,399.9800109863281
101766,40777,1014,2,99.95999908447266,49.97999954223633
101767,40778,825,5,159.9499969482422,31.989999771118164
101768,40778,403,1,129.99000549316406,129.99000549316406
101769,40778,1073,1,199.99000549316406,199.99000549316406
101770,40778,1014,2,99.95999908447266,49.97999954223633
101771,40778,1073,1,199.99000549316406,199.99000549316406
101772,40780,957,1,299.9800109863281,299.9800109863281
101773,40780,1073,1,199.99000549316406,199.99000549316406
101774,40781,1004,1,399.9800109863281,399.9800109863281
101775,40781,365,4,239.9600067138672,59.9900016784668
101776,40781,502,5,250.0,50.0
101777,40783,191,5,499.95001220703125,99.98999786376953
101778,40783,365,2,119.9800033569336,59.9900016784668
101779,40784,1014,1,49.97999954223633,49.97999954223633
101780,40784,957,1,299.9800109863281,299.9800109863281
101781,40784,906,3,74.97000122070312,24.989999771118164
101782,40784,1014,4,199.9199981689453,49.97999954223633
101783,40784,627,4,159.9600067138672,39.9900016784668
101784,40785,403,1,129.99000549316406,129.99000549316406
101785,40785,627,4,159.9600067138672,39.9900016784668
101786,40785,365,1,59.9900016784668,59.9900016784668
101787,40786,1004,1,399.9800109863281,399.9800109863281
101788,40786,1073,1,199.99000549316406,199.99000549316406
101789,40786,365,3,179.97000122070312,59.9900016784668
101790,40786,502,1,50.0,50.0
101791,40787,191,4,399.9599914550781,99.98999786376953
101792,40789,957,1,299.9800109863281,299.9800109863281
101793,40789,1004,1,399.9800109863281,399.9800109863281
101794,40789,1014,3,149.94000244140625,49.97999954223633
101795,40790,365,4,239.9600067138672,59.9900016784668
101796,40791,365,2,119.9800033569336,59.9900016784668
101797,40791,278,5,224.9499969482422,44.9900016784668
101798,40791,365,2,119.9800033569336,59.9900016784668
101799,40791,403,1,129.99000549316406,129.99000549316406
101800,40792,1004,1,399.9800109863281,399.9800109863281
101801,40792,1014,2,99.95999908447266,49.97999954223633
101802,40792,627,4,159.9600067138672,39.9900016784668
101803,40792,502,5,250.0,50.0
101804,40793,365,4,239.9600067138672,59.9900016784668
101805,40793,1014,5,249.89999389648438,49.97999954223633
101806,40793,502,4,200.0,50.0
101807,40793,365,3,179.97000122070312,59.9900016784668
101808,40794,403,1,129.99000549316406,129.99000549316406
101809,40794,1014,4,199.9199981689453,49.97999954223633
101810,40794,1014,4,199.9199981689453,49.97999954223633
101811,40794,365,5,299.95001220703125,59.9900016784668
101812,40794,502,1,50.0,50.0
101813,40795,276,1,31.989999771118164,31.989999771118164
101814,40795,191,2,199.97999572753906,99.98999786376953
101815,40795,1004,1,399.9800109863281,399.9800109863281
101816,40795,191,5,499.95001220703125,99.98999786376953
101817,40795,191,1,99.98999786376953,99.98999786376953
101818,40796,403,1,129.99000549316406,129.99000549316406
101819,40796,1014,1,49.97999954223633,49.97999954223633
101820,40797,627,3,119.97000122070312,39.9900016784668
101821,40797,1004,1,399.9800109863281,399.9800109863281
101822,40797,502,4,200.0,50.0
101823,40797,1073,1,199.99000549316406,199.99000549316406
101824,40797,365,4,239.9600067138672,59.9900016784668
101825,40798,957,1,299.9800109863281,299.9800109863281
101826,40799,957,1,299.9800109863281,299.9800109863281
101827,40799,365,4,239.9600067138672,59.9900016784668
101828,40800,1073,1,199.99000549316406,199.99000549316406
101829,40801,191,5,499.95001220703125,99.98999786376953
101830,40801,502,3,150.0,50.0
101831,40801,403,1,129.99000549316406,129.99000549316406
101832,40801,403,1,129.99000549316406,129.99000549316406
101833,40801,403,1,129.99000549316406,129.99000549316406
101834,40802,1004,1,399.9800109863281,399.9800109863281
101835,40802,502,1,50.0,50.0
101836,40802,1004,1,399.9800109863281,399.9800109863281
101837,40802,249,5,274.8500061035156,54.970001220703125
101838,40803,502,1,50.0,50.0
101839,40803,191,2,199.97999572753906,99.98999786376953
101840,40803,502,2,100.0,50.0
101841,40803,191,3,299.9700012207031,99.98999786376953
101842,40804,957,1,299.9800109863281,299.9800109863281
101843,40804,1073,1,199.99000549316406,199.99000549316406
101844,40804,957,1,299.9800109863281,299.9800109863281
101845,40804,1004,1,399.9800109863281,399.9800109863281
101846,40804,403,1,129.99000549316406,129.99000549316406
101847,40806,1004,1,399.9800109863281,399.9800109863281
101848,40806,502,3,150.0,50.0
101849,40806,1014,1,49.97999954223633,49.97999954223633
101850,40806,365,3,179.97000122070312,59.9900016784668
101851,40806,403,1,129.99000549316406,129.99000549316406
101852,40807,502,2,100.0,50.0
101853,40807,502,4,200.0,50.0
101854,40807,627,5,199.9499969482422,39.9900016784668
101855,40807,365,3,179.97000122070312,59.9900016784668
101856,40808,365,3,179.97000122070312,59.9900016784668
101857,40808,1004,1,399.9800109863281,399.9800109863281
101858,40809,365,2,119.9800033569336,59.9900016784668
101859,40810,957,1,299.9800109863281,299.9800109863281
101860,40810,502,1,50.0,50.0
101861,40810,1014,2,99.95999908447266,49.97999954223633
101862,40811,828,1,31.989999771118164,31.989999771118164
101863,40811,1004,1,399.9800109863281,399.9800109863281
101864,40811,1073,1,199.99000549316406,199.99000549316406
101865,40811,1014,3,149.94000244140625,49.97999954223633
101866,40812,627,2,79.9800033569336,39.9900016784668
101867,40812,403,1,129.99000549316406,129.99000549316406
101868,40812,1014,3,149.94000244140625,49.97999954223633
101869,40812,403,1,129.99000549316406,129.99000549316406
101870,40813,365,4,239.9600067138672,59.9900016784668
101871,40814,957,1,299.9800109863281,299.9800109863281
101872,40815,1014,2,99.95999908447266,49.97999954223633
101873,40816,191,1,99.98999786376953,99.98999786376953
101874,40816,502,3,150.0,50.0
101875,40816,1073,1,199.99000549316406,199.99000549316406
101876,40816,502,5,250.0,50.0
101877,40816,1073,1,199.99000549316406,199.99000549316406
101878,40817,403,1,129.99000549316406,129.99000549316406
101879,40817,957,1,299.9800109863281,299.9800109863281
101880,40817,365,1,59.9900016784668,59.9900016784668
101881,40817,403,1,129.99000549316406,129.99000549316406
101882,40819,825,5,159.9499969482422,31.989999771118164
101883,40819,365,1,59.9900016784668,59.9900016784668
101884,40819,1014,5,249.89999389648438,49.97999954223633
101885,40819,191,5,499.95001220703125,99.98999786376953
101886,40819,365,1,59.9900016784668,59.9900016784668
101887,40820,1014,4,199.9199981689453,49.97999954223633
101888,40820,1014,2,99.95999908447266,49.97999954223633
101889,40821,403,1,129.99000549316406,129.99000549316406
101890,40821,403,1,129.99000549316406,129.99000549316406
101891,40823,957,1,299.9800109863281,299.9800109863281
101892,40823,1073,1,199.99000549316406,199.99000549316406
101893,40823,403,1,129.99000549316406,129.99000549316406
101894,40824,502,1,50.0,50.0
101895,40824,403,1,129.99000549316406,129.99000549316406
101896,40825,1073,1,199.99000549316406,199.99000549316406
101897,40825,403,1,129.99000549316406,129.99000549316406
101898,40825,1004,1,399.9800109863281,399.9800109863281
101899,40826,365,5,299.95001220703125,59.9900016784668
101900,40827,502,2,100.0,50.0
101901,40827,1004,1,399.9800109863281,399.9800109863281
101902,40827,191,1,99.98999786376953,99.98999786376953
101903,40827,403,1,129.99000549316406,129.99000549316406
101904,40828,502,1,50.0,50.0
101905,40828,403,1,129.99000549316406,129.99000549316406
101906,40828,627,1,39.9900016784668,39.9900016784668
101907,40829,1073,1,199.99000549316406,199.99000549316406
101908,40829,191,3,299.9700012207031,99.98999786376953
101909,40829,365,3,179.97000122070312,59.9900016784668
101910,40829,502,5,250.0,50.0
101911,40830,627,3,119.97000122070312,39.9900016784668
101912,40831,403,1,129.99000549316406,129.99000549316406
101913,40831,502,4,200.0,50.0
101914,40831,627,5,199.9499969482422,39.9900016784668
101915,40831,957,1,299.9800109863281,299.9800109863281
101916,40833,365,5,299.95001220703125,59.9900016784668
101917,40833,249,3,164.91000366210938,54.970001220703125
101918,40834,403,1,129.99000549316406,129.99000549316406
101919,40834,1004,1,399.9800109863281,399.9800109863281
101920,40834,365,2,119.9800033569336,59.9900016784668
101921,40836,1014,5,249.89999389648438,49.97999954223633
101922,40837,502,3,150.0,50.0
101923,40837,1073,1,199.99000549316406,199.99000549316406
101924,40838,1004,1,399.9800109863281,399.9800109863281
101925,40839,1073,1,199.99000549316406,199.99000549316406
101926,40839,703,4,79.95999908447266,19.989999771118164
101927,40839,403,1,129.99000549316406,129.99000549316406
101928,40839,957,1,299.9800109863281,299.9800109863281
101929,40840,1014,2,99.95999908447266,49.97999954223633
101930,40840,403,1,129.99000549316406,129.99000549316406
101931,40840,365,1,59.9900016784668,59.9900016784668
101932,40840,365,5,299.95001220703125,59.9900016784668
101933,40840,365,1,59.9900016784668,59.9900016784668
101934,40841,502,3,150.0,50.0
101935,40841,502,1,50.0,50.0
101936,40841,403,1,129.99000549316406,129.99000549316406
101937,40842,403,1,129.99000549316406,129.99000549316406
101938,40842,365,5,299.95001220703125,59.9900016784668
101939,40844,365,3,179.97000122070312,59.9900016784668
101940,40844,502,3,150.0,50.0
101941,40845,1014,3,149.94000244140625,49.97999954223633
101942,40845,627,5,199.9499969482422,39.9900016784668
101943,40845,1004,1,399.9800109863281,399.9800109863281
101944,40846,957,1,299.9800109863281,299.9800109863281
101945,40847,957,1,299.9800109863281,299.9800109863281
101946,40847,403,1,129.99000549316406,129.99000549316406
101947,40848,627,1,39.9900016784668,39.9900016784668
101948,40848,1073,1,199.99000549316406,199.99000549316406
101949,40848,1014,2,99.95999908447266,49.97999954223633
101950,40848,1014,2,99.95999908447266,49.97999954223633
101951,40848,957,1,299.9800109863281,299.9800109863281
101952,40849,627,3,119.97000122070312,39.9900016784668
101953,40849,957,1,299.9800109863281,299.9800109863281
101954,40849,1014,3,149.94000244140625,49.97999954223633
101955,40850,1014,2,99.95999908447266,49.97999954223633
101956,40850,502,4,200.0,50.0
101957,40852,502,3,150.0,50.0
101958,40852,1073,1,199.99000549316406,199.99000549316406
101959,40852,365,1,59.9900016784668,59.9900016784668
101960,40852,627,3,119.97000122070312,39.9900016784668
101961,40852,627,4,159.9600067138672,39.9900016784668
101962,40853,403,1,129.99000549316406,129.99000549316406
101963,40853,627,1,39.9900016784668,39.9900016784668
101964,40853,825,5,159.9499969482422,31.989999771118164
101965,40854,1014,3,149.94000244140625,49.97999954223633
101966,40854,403,1,129.99000549316406,129.99000549316406
101967,40854,365,5,299.95001220703125,59.9900016784668
101968,40856,1073,1,199.99000549316406,199.99000549316406
101969,40856,403,1,129.99000549316406,129.99000549316406
101970,40856,403,1,129.99000549316406,129.99000549316406
101971,40856,502,2,100.0,50.0
101972,40857,957,1,299.9800109863281,299.9800109863281
101973,40857,365,4,239.9600067138672,59.9900016784668
101974,40857,1014,2,99.95999908447266,49.97999954223633
101975,40857,1014,1,49.97999954223633,49.97999954223633
101976,40858,957,1,299.9800109863281,299.9800109863281
101977,40858,957,1,299.9800109863281,299.9800109863281
101978,40858,502,4,200.0,50.0
101979,40860,1014,4,199.9199981689453,49.97999954223633
101980,40860,403,1,129.99000549316406,129.99000549316406
101981,40860,957,1,299.9800109863281,299.9800109863281
101982,40860,403,1,129.99000549316406,129.99000549316406
101983,40860,365,1,59.9900016784668,59.9900016784668
101984,40861,1014,5,249.89999389648438,49.97999954223633
101985,40862,1004,1,399.9800109863281,399.9800109863281
101986,40862,1004,1,399.9800109863281,399.9800109863281
101987,40862,957,1,299.9800109863281,299.9800109863281
101988,40862,818,2,95.9800033569336,47.9900016784668
101989,40863,365,1,59.9900016784668,59.9900016784668
101990,40863,191,5,499.95001220703125,99.98999786376953
101991,40864,191,3,299.9700012207031,99.98999786376953
101992,40864,365,5,299.95001220703125,59.9900016784668
101993,40864,276,5,159.9499969482422,31.989999771118164
101994,40864,957,1,299.9800109863281,299.9800109863281
101995,40865,822,3,143.97000122070312,47.9900016784668
101996,40865,1014,1,49.97999954223633,49.97999954223633
101997,40867,775,4,39.959999084472656,9.989999771118164
101998,40867,365,1,59.9900016784668,59.9900016784668
101999,40867,365,2,119.9800033569336,59.9900016784668
102000,40867,403,1,129.99000549316406,129.99000549316406
